2026/04/21 14:08:43.017, 11194, 4786, 87
2026/04/21 14:08:44.018, 11194, 4786, 2
2026/04/21 14:08:45.019, 11194, 4786, 2
2026/04/21 14:08:46.047, 11985, 3995, 1
2026/04/21 14:08:47.070, 11985, 3995, 1
2026/04/21 14:08:48.089, 11985, 3995, 2
2026/04/21 14:08:49.106, 11985, 3995, 1
2026/04/21 14:08:50.119, 11985, 3995, 2
2026/04/21 14:08:51.130, 11985, 3995, 2
2026/04/21 14:08:52.138, 11985, 3995, 1
2026/04/21 14:08:53.145, 11985, 3995, 1
2026/04/21 14:08:54.150, 12284, 3696, 6
2026/04/21 14:08:55.153, 5257, 10723, 2
2026/04/21 14:08:56.154, 2190, 13790, 1
2026/04/21 14:08:57.155, 13480, 2500, 4
2026/04/21 14:08:58.155, 15304, 676, 13
2026/04/21 14:08:59.158, 15306, 674, 29
2026/04/21 14:09:00.158, 15306, 674, 25
2026/04/21 14:09:01.159, 15577, 403, 53
2026/04/21 14:09:02.160, 15577, 403, 52
2026/04/21 14:09:03.161, 15577, 403, 42
2026/04/21 14:09:04.162, 15577, 403, 45
2026/04/21 14:09:05.162, 15577, 403, 49
2026/04/21 14:09:06.163, 15577, 403, 51
2026/04/21 14:09:07.163, 15577, 403, 50
2026/04/21 14:09:08.164, 15577, 403, 61
2026/04/21 14:09:09.165, 15577, 403, 56
2026/04/21 14:09:10.165, 15577, 403, 51
2026/04/21 14:09:11.166, 15577, 403, 46
2026/04/21 14:09:12.166, 15577, 403, 51
2026/04/21 14:09:13.167, 15577, 403, 53
2026/04/21 14:09:14.167, 15577, 403, 48
2026/04/21 14:09:15.168, 15577, 403, 51
2026/04/21 14:09:16.169, 15577, 403, 48
2026/04/21 14:09:17.170, 15577, 403, 51
2026/04/21 14:09:18.197, 15577, 403, 52
2026/04/21 14:09:19.219, 15577, 403, 52
2026/04/21 14:09:20.237, 15577, 403, 52
2026/04/21 14:09:21.253, 15577, 403, 52
2026/04/21 14:09:22.266, 15577, 403, 49
2026/04/21 14:09:23.276, 15577, 403, 51
2026/04/21 14:09:24.284, 15577, 403, 50
2026/04/21 14:09:25.290, 15577, 403, 49
2026/04/21 14:09:26.293, 15577, 403, 49
2026/04/21 14:09:27.297, 15577, 403, 49
2026/04/21 14:09:28.300, 15577, 403, 44
2026/04/21 14:09:29.301, 15581, 399, 4
2026/04/21 14:09:30.302, 15581, 399, 5
2026/04/21 14:09:31.303, 15581, 399, 5
2026/04/21 14:09:32.304, 15581, 399, 5
2026/04/21 14:09:33.305, 15581, 399, 5
2026/04/21 14:09:34.306, 15581, 399, 5
2026/04/21 14:09:35.307, 15581, 399, 6
2026/04/21 14:09:36.308, 15581, 399, 6
2026/04/21 14:09:37.309, 15581, 399, 7
2026/04/21 14:09:38.310, 15581, 399, 5
2026/04/21 14:09:39.311, 15581, 399, 5
2026/04/21 14:09:40.311, 15581, 399, 7
2026/04/21 14:09:41.312, 15581, 399, 5
2026/04/21 14:09:42.315, 15581, 399, 5
2026/04/21 14:09:43.315, 15581, 399, 5
2026/04/21 14:09:44.316, 15581, 399, 5
2026/04/21 14:09:45.317, 15581, 399, 7
2026/04/21 14:09:46.318, 15581, 399, 7
2026/04/21 14:09:47.320, 15581, 399, 5
2026/04/21 14:09:48.320, 15581, 399, 5
2026/04/21 14:09:49.325, 15581, 399, 7
2026/04/21 14:09:50.351, 15581, 399, 5
2026/04/21 14:09:51.372, 15581, 399, 5
2026/04/21 14:09:52.390, 15581, 399, 5
2026/04/21 14:09:53.405, 2160, 13820, 0
2026/04/21 14:09:54.417, 2160, 13820, 0
2026/04/21 14:09:55.428, 2160, 13820, 0
2026/04/21 14:09:56.435, 2680, 13300, 3
2026/04/21 14:09:57.441, 8695, 7285, 0
2026/04/21 14:09:58.445, 11979, 4001, 7
2026/04/21 14:09:59.447, 11979, 4001, 25
2026/04/21 14:10:00.449, 11981, 3999, 67
2026/04/21 14:10:01.450, 11985, 3995, 87
2026/04/21 14:10:02.450, 11985, 3995, 86
2026/04/21 14:10:03.451, 11985, 3995, 87
2026/04/21 14:10:04.452, 11985, 3995, 87
2026/04/21 14:10:05.452, 11985, 3995, 87
2026/04/21 14:10:06.454, 11985, 3995, 87
2026/04/21 14:10:07.456, 11985, 3995, 87
2026/04/21 14:10:08.456, 11985, 3995, 89
2026/04/21 14:10:09.456, 11985, 3995, 87
2026/04/21 14:10:10.457, 11985, 3995, 88
2026/04/21 14:10:11.458, 11985, 3995, 88
2026/04/21 14:10:12.458, 11985, 3995, 88
2026/04/21 14:10:13.458, 11985, 3995, 88
2026/04/21 14:10:14.459, 11985, 3995, 86
2026/04/21 14:10:15.459, 11985, 3995, 88
2026/04/21 14:10:16.460, 11985, 3995, 84
2026/04/21 14:10:17.460, 11985, 3995, 89
2026/04/21 14:10:18.461, 11985, 3995, 87
2026/04/21 14:10:19.461, 11985, 3995, 88
2026/04/21 14:10:20.462, 11985, 3995, 88
2026/04/21 14:10:21.470, 11985, 3995, 87
2026/04/21 14:10:22.495, 11985, 3995, 71
2026/04/21 14:10:23.518, 11985, 3995, 0
2026/04/21 14:10:24.536, 11985, 3995, 88
2026/04/21 14:10:25.551, 11985, 3995, 87
2026/04/21 14:10:26.563, 11985, 3995, 87
2026/04/21 14:10:27.572, 11985, 3995, 88
2026/04/21 14:10:28.580, 11985, 3995, 88
2026/04/21 14:10:29.585, 11985, 3995, 87
2026/04/21 14:10:30.589, 11985, 3995, 87
2026/04/21 14:10:31.591, 11985, 3995, 89
2026/04/21 14:10:32.593, 11985, 3995, 88
2026/04/21 14:10:33.593, 11985, 3995, 88
2026/04/21 14:10:34.594, 11985, 3995, 88
2026/04/21 14:10:35.594, 11985, 3995, 87
2026/04/21 14:10:36.595, 11985, 3995, 87
2026/04/21 14:10:37.595, 11985, 3995, 89
2026/04/21 14:10:38.595, 11985, 3995, 88
2026/04/21 14:10:39.596, 11985, 3995, 88
2026/04/21 14:10:40.597, 11985, 3995, 88
2026/04/21 14:10:41.597, 11985, 3995, 87
2026/04/21 14:10:42.598, 11985, 3995, 88
2026/04/21 14:10:43.598, 11985, 3995, 88
2026/04/21 14:10:44.598, 11985, 3995, 68
2026/04/21 14:10:45.601, 11985, 3995, 71
2026/04/21 14:10:46.601, 11985, 3995, 71
2026/04/21 14:10:47.602, 11985, 3995, 72
2026/04/21 14:10:48.605, 11985, 3995, 88
2026/04/21 14:10:49.605, 11985, 3995, 88
2026/04/21 14:10:50.605, 11985, 3995, 89
2026/04/21 14:10:51.606, 11985, 3995, 88
2026/04/21 14:10:52.606, 11985, 3995, 87
2026/04/21 14:10:53.607, 11985, 3995, 56
2026/04/21 14:10:54.621, 11985, 3995, 60
2026/04/21 14:10:55.646, 11985, 3995, 88
2026/04/21 14:10:56.666, 11985, 3995, 88
2026/04/21 14:10:57.683, 11985, 3995, 88
2026/04/21 14:10:58.698, 11985, 3995, 88
2026/04/21 14:10:59.709, 11985, 3995, 88
2026/04/21 14:11:00.718, 11985, 3995, 87
2026/04/21 14:11:01.725, 11985, 3995, 88
2026/04/21 14:11:02.729, 11985, 3995, 88
2026/04/21 14:11:03.733, 11985, 3995, 88
2026/04/21 14:11:04.736, 11985, 3995, 88
2026/04/21 14:11:05.736, 11985, 3995, 89
2026/04/21 14:11:06.737, 11985, 3995, 89
2026/04/21 14:11:07.737, 11985, 3995, 89
2026/04/21 14:11:08.738, 11985, 3995, 87
2026/04/21 14:11:09.738, 11985, 3995, 89
2026/04/21 14:11:10.739, 11985, 3995, 89
2026/04/21 14:11:11.739, 11985, 3995, 89
2026/04/21 14:11:12.740, 11985, 3995, 88
2026/04/21 14:11:13.740, 11985, 3995, 88
2026/04/21 14:11:14.742, 11985, 3995, 87
2026/04/21 14:11:15.742, 11985, 3995, 88
2026/04/21 14:11:16.743, 11985, 3995, 89
2026/04/21 14:11:17.753, 11985, 3995, 88
2026/04/21 14:11:18.761, 11985, 3995, 89
2026/04/21 14:11:19.761, 11985, 3995, 88
2026/04/21 14:11:20.762, 11985, 3995, 0
2026/04/21 14:11:21.762, 11985, 3995, 0
2026/04/21 14:11:22.763, 12286, 3694, 0
2026/04/21 14:11:23.763, 2190, 13790, 0
2026/04/21 14:11:24.764, 13480, 2500, 2
2026/04/21 14:11:25.765, 15304, 676, 0
2026/04/21 14:11:26.786, 15304, 676, 27
2026/04/21 14:11:27.809, 15304, 676, 28
2026/04/21 14:11:28.829, 15304, 676, 19
2026/04/21 14:11:29.846, 15304, 676, 49
2026/04/21 14:11:30.859, 15304, 676, 60
2026/04/21 14:11:31.869, 15304, 676, 48
2026/04/21 14:11:32.879, 15304, 676, 48
2026/04/21 14:11:33.886, 15304, 676, 50
2026/04/21 14:11:34.891, 15304, 676, 51
2026/04/21 14:11:35.894, 15304, 676, 50
2026/04/21 14:11:36.896, 15304, 676, 51
2026/04/21 14:11:37.897, 15304, 676, 50
2026/04/21 14:11:38.897, 15304, 676, 50
2026/04/21 14:11:39.897, 15304, 676, 53
2026/04/21 14:11:40.898, 15304, 676, 52
2026/04/21 14:11:41.898, 15304, 676, 50
2026/04/21 14:11:42.899, 15304, 676, 52
2026/04/21 14:11:43.900, 15304, 676, 53
2026/04/21 14:11:44.900, 15304, 676, 52
2026/04/21 14:11:45.901, 15304, 676, 51
2026/04/21 14:11:46.904, 15304, 676, 43
2026/04/21 14:11:47.904, 15304, 676, 53
2026/04/21 14:11:48.905, 15304, 676, 60
2026/04/21 14:11:49.906, 15304, 676, 52
2026/04/21 14:11:50.907, 15304, 676, 48
2026/04/21 14:11:51.909, 15304, 676, 46
2026/04/21 14:11:52.909, 15304, 676, 54
2026/04/21 14:11:53.910, 15304, 676, 58
2026/04/21 14:11:54.910, 15304, 676, 58
2026/04/21 14:11:55.911, 15304, 676, 54
2026/04/21 14:11:56.912, 15304, 676, 44
2026/04/21 14:11:57.912, 15304, 676, 49
2026/04/21 14:11:58.937, 15304, 676, 49
2026/04/21 14:11:59.961, 15304, 676, 47
2026/04/21 14:12:00.980, 15304, 676, 46
2026/04/21 14:12:01.996, 15304, 676, 44
2026/04/21 14:12:03.009, 15304, 676, 50
2026/04/21 14:12:04.020, 15310, 670, 4
2026/04/21 14:12:05.028, 15310, 670, 4
2026/04/21 14:12:06.035, 15310, 670, 5
2026/04/21 14:12:07.040, 15310, 670, 5
2026/04/21 14:12:08.043, 15310, 670, 5
2026/04/21 14:12:09.046, 15310, 670, 5
2026/04/21 14:12:10.046, 15310, 670, 5
2026/04/21 14:12:11.047, 15310, 670, 8
2026/04/21 14:12:12.048, 15310, 670, 5
2026/04/21 14:12:13.049, 15310, 670, 5
2026/04/21 14:12:14.050, 15310, 670, 5
2026/04/21 14:12:15.051, 15310, 670, 5
2026/04/21 14:12:16.052, 15310, 670, 5
2026/04/21 14:12:17.057, 15310, 670, 7
2026/04/21 14:12:18.058, 15310, 670, 5
2026/04/21 14:12:19.059, 15310, 670, 7
2026/04/21 14:12:20.061, 15310, 670, 6
2026/04/21 14:12:21.062, 15310, 670, 5
2026/04/21 14:12:22.064, 15310, 670, 3
2026/04/21 14:12:23.065, 15310, 670, 7
2026/04/21 14:12:24.065, 15310, 670, 5
2026/04/21 14:12:25.067, 15310, 670, 5
2026/04/21 14:12:26.068, 15310, 670, 5
2026/04/21 14:12:27.069, 15310, 670, 5
2026/04/21 14:12:28.070, 15310, 670, 7
2026/04/21 14:12:29.079, 15310, 670, 5
2026/04/21 14:12:30.081, 15310, 670, 6
2026/04/21 14:12:31.110, 15310, 670, 6
2026/04/21 14:12:32.135, 15310, 670, 5
2026/04/21 14:12:33.155, 2160, 13820, 1
2026/04/21 14:12:34.173, 2160, 13820, 0
2026/04/21 14:12:35.186, 2160, 13820, 0
2026/04/21 14:12:36.197, 2680, 13300, 0
2026/04/21 14:12:37.206, 2680, 13300, 0
2026/04/21 14:12:38.213, 2680, 13300, 0
2026/04/21 14:12:39.218, 2680, 13300, 0
2026/04/21 14:12:40.221, 2680, 13300, 0
2026/04/21 14:12:41.223, 2680, 13300, 0
2026/04/21 14:12:42.224, 2680, 13300, 0
2026/04/21 14:12:43.224, 2680, 13300, 0
2026/04/21 14:12:44.225, 2680, 13300, 0
2026/04/21 14:12:45.226, 2680, 13300, 0
2026/04/21 14:12:46.226, 2680, 13300, 0
2026/04/21 14:12:47.227, 2680, 13300, 0
2026/04/21 14:12:48.228, 2680, 13300, 0
2026/04/21 14:12:49.228, 2680, 13300, 0
2026/04/21 14:12:50.229, 2680, 13300, 0
2026/04/21 14:12:51.229, 2680, 13300, 0
2026/04/21 14:12:52.230, 2680, 13300, 0
2026/04/21 14:12:53.231, 2981, 12999, 0
2026/04/21 14:12:54.233, 2190, 13790, 0
2026/04/21 14:12:55.234, 13480, 2500, 0
2026/04/21 14:12:56.234, 15304, 676, 0
2026/04/21 14:12:57.236, 15304, 676, 26
2026/04/21 14:12:58.236, 15306, 674, 27
2026/04/21 14:12:59.237, 15306, 674, 0
2026/04/21 14:13:00.237, 15577, 403, 51
2026/04/21 14:13:01.238, 15577, 403, 49
2026/04/21 14:13:02.238, 15577, 403, 49
2026/04/21 14:13:03.240, 15577, 403, 51
2026/04/21 14:13:04.266, 15577, 403, 51
2026/04/21 14:13:05.288, 15577, 403, 52
2026/04/21 14:13:06.306, 15577, 403, 49
2026/04/21 14:13:07.321, 15577, 403, 51
2026/04/21 14:13:08.332, 15577, 403, 50
2026/04/21 14:13:09.342, 15577, 403, 49
2026/04/21 14:13:10.350, 15577, 403, 34
2026/04/21 14:13:11.355, 15577, 403, 49
2026/04/21 14:13:12.359, 15577, 403, 45
2026/04/21 14:13:13.362, 15577, 403, 46
2026/04/21 14:13:14.363, 15577, 403, 52
2026/04/21 14:13:15.364, 15577, 403, 50
2026/04/21 14:13:16.365, 15577, 403, 49
2026/04/21 14:13:17.365, 15577, 403, 51
2026/04/21 14:13:18.366, 15577, 403, 51
2026/04/21 14:13:19.367, 15577, 403, 52
2026/04/21 14:13:20.367, 15577, 403, 53
2026/04/21 14:13:21.368, 15577, 403, 53
2026/04/21 14:13:22.368, 15577, 403, 49
2026/04/21 14:13:23.369, 15577, 403, 50
2026/04/21 14:13:24.369, 15577, 403, 51
2026/04/21 14:13:25.370, 15577, 403, 47
2026/04/21 14:13:26.370, 15577, 403, 45
2026/04/21 14:13:27.371, 15577, 403, 53
2026/04/21 14:13:28.372, 15577, 403, 53
2026/04/21 14:13:29.372, 15577, 403, 50
2026/04/21 14:13:30.373, 15577, 403, 53
2026/04/21 14:13:31.374, 15577, 403, 38
2026/04/21 14:13:32.375, 15577, 403, 49
2026/04/21 14:13:33.375, 15577, 403, 48
2026/04/21 14:13:34.376, 15577, 403, 51
2026/04/21 14:13:35.382, 15581, 399, 6
2026/04/21 14:13:36.408, 15581, 399, 5
2026/04/21 14:13:37.429, 15581, 399, 5
2026/04/21 14:13:38.448, 15581, 399, 5
2026/04/21 14:13:39.463, 15581, 399, 8
2026/04/21 14:13:40.476, 15581, 399, 5
2026/04/21 14:13:41.486, 15581, 399, 5
2026/04/21 14:13:42.494, 15581, 399, 7
2026/04/21 14:13:43.501, 15581, 399, 5
2026/04/21 14:13:44.505, 15581, 399, 5
2026/04/21 14:13:45.508, 15581, 399, 3
2026/04/21 14:13:46.510, 15581, 399, 5
2026/04/21 14:13:47.511, 15581, 399, 5
2026/04/21 14:13:48.512, 15581, 399, 5
2026/04/21 14:13:49.513, 15581, 399, 5
2026/04/21 14:13:50.514, 15581, 399, 8
2026/04/21 14:13:51.515, 15581, 399, 8
2026/04/21 14:13:52.516, 15581, 399, 5
2026/04/21 14:13:53.517, 15581, 399, 5
2026/04/21 14:13:54.518, 15581, 399, 5
2026/04/21 14:13:55.518, 15581, 399, 5
2026/04/21 14:13:56.519, 15581, 399, 5
2026/04/21 14:13:57.520, 15581, 399, 5
2026/04/21 14:13:58.521, 15581, 399, 5
2026/04/21 14:13:59.522, 15581, 399, 6
2026/04/21 14:14:00.523, 15581, 399, 5
2026/04/21 14:14:01.524, 15581, 399, 8
2026/04/21 14:14:02.525, 15581, 399, 5
2026/04/21 14:14:03.526, 15581, 399, 8
2026/04/21 14:14:04.527, 15581, 399, 5
2026/04/21 14:14:05.527, 15581, 399, 8
2026/04/21 14:14:06.528, 15581, 399, 5
2026/04/21 14:14:07.540, 15581, 399, 5
2026/04/21 14:14:08.566, 15581, 399, 5
2026/04/21 14:14:09.587, 15581, 399, 5
2026/04/21 14:14:10.605, 15581, 399, 8
2026/04/21 14:14:11.620, 15581, 399, 5
2026/04/21 14:14:12.633, 15581, 399, 5
2026/04/21 14:14:13.642, 15581, 399, 5
2026/04/21 14:14:14.650, 15581, 399, 5
2026/04/21 14:14:15.655, 15581, 399, 5
2026/04/21 14:14:16.659, 15581, 399, 6
2026/04/21 14:14:17.662, 2160, 13820, 0
2026/04/21 14:14:18.664, 2160, 13820, 0
2026/04/21 14:14:19.666, 2160, 13820, 0
2026/04/21 14:14:20.666, 2678, 13302, 0
2026/04/21 14:14:21.667, 2680, 13300, 0
2026/04/21 14:14:22.669, 2680, 13300, 0
2026/04/21 14:14:23.670, 2680, 13300, 0
2026/04/21 14:14:24.670, 2680, 13300, 0
2026/04/21 14:14:25.671, 2680, 13300, 0
2026/04/21 14:14:26.672, 2680, 13300, 0
2026/04/21 14:14:27.672, 2680, 13300, 0
2026/04/21 14:14:28.673, 2680, 13300, 0
2026/04/21 14:14:29.673, 2680, 13300, 0
2026/04/21 14:14:30.674, 2680, 13300, 0
2026/04/21 14:14:31.675, 2680, 13300, 0
2026/04/21 14:14:32.675, 2680, 13300, 0
2026/04/21 14:14:33.676, 2680, 13300, 0
2026/04/21 14:14:34.677, 2680, 13300, 0
2026/04/21 14:14:35.677, 2680, 13300, 0
2026/04/21 14:14:36.678, 2680, 13300, 0
2026/04/21 14:14:37.678, 2981, 12999, 0
2026/04/21 14:14:38.679, 2190, 13790, 0
2026/04/21 14:14:39.695, 13480, 2500, 1
2026/04/21 14:14:40.723, 15304, 676, 6
2026/04/21 14:14:41.744, 15304, 676, 28
2026/04/21 14:14:42.761, 15304, 676, 28
2026/04/21 14:14:43.775, 15577, 403, 9
2026/04/21 14:14:44.786, 15577, 403, 51
2026/04/21 14:14:45.795, 15577, 403, 52
2026/04/21 14:14:46.802, 15577, 403, 52
2026/04/21 14:14:47.817, 15577, 403, 45
2026/04/21 14:14:48.821, 15577, 403, 52
2026/04/21 14:14:49.822, 15577, 403, 49
2026/04/21 14:14:50.823, 15577, 403, 51
2026/04/21 14:14:51.823, 15577, 403, 49
2026/04/21 14:14:52.824, 15577, 403, 51
2026/04/21 14:14:53.824, 15577, 403, 52
2026/04/21 14:14:54.825, 15577, 403, 50
2026/04/21 14:14:55.825, 15577, 403, 54
2026/04/21 14:14:56.826, 15577, 403, 53
2026/04/21 14:14:57.827, 15577, 403, 49
2026/04/21 14:14:58.828, 15577, 403, 44
2026/04/21 14:14:59.828, 15577, 403, 50
2026/04/21 14:15:00.829, 15577, 403, 60
2026/04/21 14:15:01.829, 15577, 403, 52
2026/04/21 14:15:02.830, 15577, 403, 53
2026/04/21 14:15:03.832, 15577, 403, 62
2026/04/21 14:15:04.832, 15577, 403, 56
2026/04/21 14:15:05.834, 15577, 403, 54
2026/04/21 14:15:06.835, 15577, 403, 54
2026/04/21 14:15:07.836, 15577, 403, 60
2026/04/21 14:15:08.836, 15577, 403, 55
2026/04/21 14:15:09.837, 15577, 403, 56
2026/04/21 14:15:10.837, 15577, 403, 62
2026/04/21 14:15:11.838, 15577, 403, 61
2026/04/21 14:15:12.860, 15577, 403, 57
2026/04/21 14:15:13.883, 15577, 403, 55
2026/04/21 14:15:14.904, 15577, 403, 52
2026/04/21 14:15:15.921, 15577, 403, 50
2026/04/21 14:15:16.935, 15577, 403, 50
2026/04/21 14:15:17.946, 15577, 403, 47
2026/04/21 14:15:18.955, 15577, 403, 45
2026/04/21 14:15:19.963, 15581, 399, 17
2026/04/21 14:15:20.969, 15581, 399, 4
2026/04/21 14:15:21.973, 15581, 399, 8
2026/04/21 14:15:22.975, 15581, 399, 5
2026/04/21 14:15:23.976, 15581, 399, 8
2026/04/21 14:15:24.977, 15581, 399, 5
2026/04/21 14:15:25.978, 15581, 399, 8
2026/04/21 14:15:26.979, 15581, 399, 5
2026/04/21 14:15:27.979, 15581, 399, 5
2026/04/21 14:15:28.980, 15581, 399, 3
2026/04/21 14:15:29.981, 15581, 399, 5
2026/04/21 14:15:30.982, 15581, 399, 5
2026/04/21 14:15:31.983, 15581, 399, 5
2026/04/21 14:15:32.984, 15581, 399, 5
2026/04/21 14:15:33.985, 15581, 399, 8
2026/04/21 14:15:34.986, 15581, 399, 5
2026/04/21 14:15:35.987, 15581, 399, 5
2026/04/21 14:15:36.987, 15581, 399, 5
2026/04/21 14:15:37.989, 15581, 399, 5
2026/04/21 14:15:38.990, 15581, 399, 5
2026/04/21 14:15:39.993, 15581, 399, 8
2026/04/21 14:15:40.994, 15581, 399, 5
2026/04/21 14:15:41.995, 15581, 399, 5
2026/04/21 14:15:42.996, 15581, 399, 5
2026/04/21 14:15:43.996, 15581, 399, 8
2026/04/21 14:15:45.025, 15581, 399, 5
2026/04/21 14:15:46.048, 15581, 399, 8
2026/04/21 14:15:47.067, 15581, 399, 5
2026/04/21 14:15:48.083, 2160, 13820, 1
2026/04/21 14:15:49.096, 2160, 13820, 0
2026/04/21 14:15:50.106, 2160, 13820, 0
2026/04/21 14:15:51.114, 2678, 13302, 12
2026/04/21 14:15:52.120, 2977, 13003, 0
2026/04/21 14:15:53.125, 2190, 13790, 0
2026/04/21 14:15:54.128, 13480, 2500, 2
2026/04/21 14:15:55.131, 15304, 676, 4
2026/04/21 14:15:56.132, 15304, 676, 25
2026/04/21 14:15:57.133, 15306, 674, 25
2026/04/21 14:15:58.133, 15306, 674, 18
2026/04/21 14:15:59.134, 15306, 674, 49
2026/04/21 14:16:00.134, 15306, 674, 53
2026/04/21 14:16:01.135, 15306, 674, 51
2026/04/21 14:16:02.136, 15306, 674, 49
2026/04/21 14:16:03.136, 15306, 674, 54
2026/04/21 14:16:04.137, 15306, 674, 54
2026/04/21 14:16:05.138, 15306, 674, 53
2026/04/21 14:16:06.139, 15306, 674, 50
2026/04/21 14:16:07.140, 15306, 674, 49
2026/04/21 14:16:08.141, 15306, 674, 48
2026/04/21 14:16:09.141, 15306, 674, 39
2026/04/21 14:16:10.142, 15306, 674, 51
2026/04/21 14:16:11.143, 15306, 674, 53
2026/04/21 14:16:12.143, 15306, 674, 63
2026/04/21 14:16:13.144, 15306, 674, 48
2026/04/21 14:16:14.145, 15306, 674, 53
2026/04/21 14:16:15.146, 15306, 674, 52
2026/04/21 14:16:16.146, 15306, 674, 50
2026/04/21 14:16:17.174, 15306, 674, 51
2026/04/21 14:16:18.198, 15306, 674, 48
2026/04/21 14:16:19.217, 15306, 674, 53
2026/04/21 14:16:20.233, 15306, 674, 52
2026/04/21 14:16:21.246, 15306, 674, 52
2026/04/21 14:16:22.257, 15306, 674, 45
2026/04/21 14:16:23.265, 15306, 674, 50
2026/04/21 14:16:24.271, 15306, 674, 48
2026/04/21 14:16:25.275, 15306, 674, 48
2026/04/21 14:16:26.278, 15306, 674, 52
2026/04/21 14:16:27.279, 15306, 674, 49
2026/04/21 14:16:28.280, 15306, 674, 51
2026/04/21 14:16:29.280, 15306, 674, 50
2026/04/21 14:16:30.281, 15306, 674, 50
2026/04/21 14:16:31.281, 15306, 674, 48
2026/04/21 14:16:32.282, 15306, 674, 45
2026/04/21 14:16:33.282, 15306, 674, 48
2026/04/21 14:16:34.283, 15306, 674, 47
2026/04/21 14:16:35.284, 15310, 670, 5
2026/04/21 14:16:36.284, 15310, 670, 4
2026/04/21 14:16:37.288, 15310, 670, 5
2026/04/21 14:16:38.289, 15310, 670, 5
2026/04/21 14:16:39.290, 15310, 670, 6
2026/04/21 14:16:40.290, 15310, 670, 5
2026/04/21 14:16:41.291, 15310, 670, 5
2026/04/21 14:16:42.293, 15310, 670, 8
2026/04/21 14:16:43.294, 15310, 670, 5
2026/04/21 14:16:44.295, 15310, 670, 5
2026/04/21 14:16:45.296, 15310, 670, 0
2026/04/21 14:16:46.296, 15310, 670, 46
2026/04/21 14:16:47.297, 15310, 670, 50
2026/04/21 14:16:48.304, 15310, 670, 51
2026/04/21 14:16:49.331, 15310, 670, 47
2026/04/21 14:16:50.354, 15310, 670, 5
2026/04/21 14:16:51.372, 15310, 670, 5
2026/04/21 14:16:52.387, 15310, 670, 9
2026/04/21 14:16:53.401, 15310, 670, 6
2026/04/21 14:16:54.419, 15310, 670, 6
2026/04/21 14:16:55.427, 15310, 670, 6
2026/04/21 14:16:56.434, 15310, 670, 5
2026/04/21 14:16:57.438, 15310, 670, 6
2026/04/21 14:16:58.441, 15310, 670, 6
2026/04/21 14:16:59.443, 15310, 670, 6
2026/04/21 14:17:00.444, 15310, 670, 8
2026/04/21 14:17:01.445, 15310, 670, 4
2026/04/21 14:17:02.446, 15310, 670, 6
2026/04/21 14:17:03.447, 15310, 670, 6
2026/04/21 14:17:04.448, 15310, 670, 7
2026/04/21 14:17:05.449, 15310, 670, 6
2026/04/21 14:17:06.450, 15310, 670, 6
2026/04/21 14:17:07.453, 15310, 670, 6
2026/04/21 14:17:08.454, 15310, 670, 6
2026/04/21 14:17:09.455, 15310, 670, 6
2026/04/21 14:17:10.456, 15310, 670, 6
2026/04/21 14:17:11.457, 15310, 670, 6
2026/04/21 14:17:12.458, 15310, 670, 6
2026/04/21 14:17:13.459, 15310, 670, 8
2026/04/21 14:17:14.460, 15310, 670, 6
2026/04/21 14:17:15.461, 15310, 670, 6
2026/04/21 14:17:16.462, 15310, 670, 6
2026/04/21 14:17:17.463, 15310, 670, 6
2026/04/21 14:17:18.464, 15310, 670, 6
2026/04/21 14:17:19.467, 15310, 670, 6
2026/04/21 14:17:20.468, 15310, 670, 7
2026/04/21 14:17:21.478, 15310, 670, 6
2026/04/21 14:17:22.504, 15310, 670, 6
2026/04/21 14:17:23.526, 15310, 670, 6
2026/04/21 14:17:24.545, 15310, 670, 6
2026/04/21 14:17:25.560, 15310, 670, 6
2026/04/21 14:17:26.572, 15310, 670, 6
2026/04/21 14:17:27.586, 15310, 670, 7
2026/04/21 14:17:28.595, 15310, 670, 6
2026/04/21 14:17:29.601, 15310, 670, 6
2026/04/21 14:17:30.605, 15310, 670, 6
2026/04/21 14:17:31.609, 15310, 670, 6
2026/04/21 14:17:32.610, 15310, 670, 6
2026/04/21 14:17:33.617, 15310, 670, 6
2026/04/21 14:17:34.618, 2160, 13820, 0
2026/04/21 14:17:35.618, 2160, 13820, 0
2026/04/21 14:17:36.620, 2160, 13820, 0
2026/04/21 14:17:37.620, 2160, 13820, 0
2026/04/21 14:17:38.621, 2680, 13300, 0
2026/04/21 14:17:39.621, 2680, 13300, 0
2026/04/21 14:17:40.622, 2680, 13300, 0
2026/04/21 14:17:41.623, 2680, 13300, 0
2026/04/21 14:17:42.623, 2680, 13300, 0
2026/04/21 14:17:43.624, 2680, 13300, 0
2026/04/21 14:17:44.624, 2680, 13300, 0
2026/04/21 14:17:45.625, 2680, 13300, 0
2026/04/21 14:17:46.626, 2680, 13300, 0
2026/04/21 14:17:47.626, 2680, 13300, 0
2026/04/21 14:17:48.627, 2680, 13300, 0
2026/04/21 14:17:49.627, 2680, 13300, 0
2026/04/21 14:17:50.628, 2680, 13300, 0
2026/04/21 14:17:51.629, 2680, 13300, 0
2026/04/21 14:17:52.629, 2680, 13300, 0
2026/04/21 14:17:53.645, 2680, 13300, 0
2026/04/21 14:17:54.670, 2680, 13300, 0
2026/04/21 14:17:55.691, 2981, 12999, 0
2026/04/21 14:17:56.708, 2190, 13790, 0
2026/04/21 14:17:57.723, 13480, 2500, 0
2026/04/21 14:17:58.735, 15304, 676, 0
2026/04/21 14:17:59.745, 15304, 676, 27
2026/04/21 14:18:00.751, 15306, 674, 27
2026/04/21 14:18:01.760, 15577, 403, 8
2026/04/21 14:18:02.764, 15577, 403, 48
2026/04/21 14:18:03.766, 15577, 403, 49
2026/04/21 14:18:04.768, 15577, 403, 52
2026/04/21 14:18:05.768, 15577, 403, 51
2026/04/21 14:18:06.769, 15577, 403, 49
2026/04/21 14:18:07.770, 15577, 403, 48
2026/04/21 14:18:08.770, 15577, 403, 50
2026/04/21 14:18:09.771, 15577, 403, 52
2026/04/21 14:18:10.771, 15577, 403, 52
2026/04/21 14:18:11.772, 15577, 403, 52
2026/04/21 14:18:12.773, 15577, 403, 50
2026/04/21 14:18:13.773, 15577, 403, 50
2026/04/21 14:18:14.774, 15577, 403, 42
2026/04/21 14:18:15.774, 15577, 403, 47
2026/04/21 14:18:16.775, 15577, 403, 59
2026/04/21 14:18:17.776, 15577, 403, 62
2026/04/21 14:18:18.777, 15577, 403, 56
2026/04/21 14:18:19.778, 15577, 403, 51
2026/04/21 14:18:20.778, 15577, 403, 61
2026/04/21 14:18:21.794, 15577, 403, 57
2026/04/21 14:18:22.798, 15577, 403, 49
2026/04/21 14:18:23.799, 15577, 403, 50
2026/04/21 14:18:24.799, 15577, 403, 47
2026/04/21 14:18:25.821, 15577, 403, 45
2026/04/21 14:18:26.845, 15577, 403, 48
2026/04/21 14:18:27.865, 15577, 403, 46
2026/04/21 14:18:28.882, 15577, 403, 51
2026/04/21 14:18:29.897, 15577, 403, 47
2026/04/21 14:18:30.910, 15577, 403, 49
2026/04/21 14:18:31.919, 15577, 403, 48
2026/04/21 14:18:32.927, 15577, 403, 47
2026/04/21 14:18:33.931, 15577, 403, 52
2026/04/21 14:18:34.935, 15577, 403, 48
2026/04/21 14:18:35.937, 15577, 403, 51
2026/04/21 14:18:36.937, 15577, 403, 46
2026/04/21 14:18:37.938, 15577, 403, 47
2026/04/21 14:18:38.938, 15577, 403, 47
2026/04/21 14:18:39.940, 15577, 403, 49
2026/04/21 14:18:40.940, 15577, 403, 45
2026/04/21 14:18:41.941, 15581, 399, 4
2026/04/21 14:18:42.941, 15581, 399, 5
2026/04/21 14:18:43.943, 15581, 399, 5
2026/04/21 14:18:44.944, 15581, 399, 5
2026/04/21 14:18:45.944, 15581, 399, 5
2026/04/21 14:18:46.946, 15581, 399, 8
2026/04/21 14:18:47.947, 15581, 399, 5
2026/04/21 14:18:48.948, 15581, 399, 8
2026/04/21 14:18:49.949, 15581, 399, 5
2026/04/21 14:18:50.950, 15581, 399, 5
2026/04/21 14:18:51.951, 15581, 399, 5
2026/04/21 14:18:52.951, 15581, 399, 5
2026/04/21 14:18:53.952, 15581, 399, 5
2026/04/21 14:18:54.953, 15581, 399, 5
2026/04/21 14:18:55.955, 15581, 399, 5
2026/04/21 14:18:56.955, 15581, 399, 5
2026/04/21 14:18:57.983, 15581, 399, 5
2026/04/21 14:18:59.007, 15581, 399, 5
2026/04/21 14:19:00.027, 15581, 399, 5
2026/04/21 14:19:01.044, 15581, 399, 5
2026/04/21 14:19:02.058, 15581, 399, 8
2026/04/21 14:19:03.069, 15581, 399, 5
2026/04/21 14:19:04.079, 15581, 399, 5
2026/04/21 14:19:05.086, 15581, 399, 5
2026/04/21 14:19:06.091, 15581, 399, 5
2026/04/21 14:19:07.095, 15581, 399, 7
2026/04/21 14:19:08.097, 15581, 399, 5
2026/04/21 14:19:09.098, 15581, 399, 5
2026/04/21 14:19:10.099, 15581, 399, 5
2026/04/21 14:19:11.099, 15581, 399, 5
2026/04/21 14:19:12.100, 15581, 399, 5
2026/04/21 14:19:13.101, 15581, 399, 8
2026/04/21 14:19:14.102, 15581, 399, 5
2026/04/21 14:19:15.103, 15581, 399, 5
2026/04/21 14:19:16.104, 15581, 399, 3
2026/04/21 14:19:17.105, 15581, 399, 5
2026/04/21 14:19:18.106, 15581, 399, 7
2026/04/21 14:19:19.108, 15581, 399, 5
2026/04/21 14:19:20.109, 15581, 399, 5
2026/04/21 14:19:21.109, 15581, 399, 5
2026/04/21 14:19:22.111, 15581, 399, 5
2026/04/21 14:19:23.111, 2160, 13820, 1
2026/04/21 14:19:24.112, 2160, 13820, 0
2026/04/21 14:19:25.114, 2160, 13820, 0
2026/04/21 14:19:26.115, 2678, 13302, 0
2026/04/21 14:19:27.115, 2678, 13302, 0
2026/04/21 14:19:28.116, 2678, 13302, 0
2026/04/21 14:19:29.117, 2678, 13302, 0
2026/04/21 14:19:30.119, 2678, 13302, 0
2026/04/21 14:19:31.147, 2678, 13302, 0
2026/04/21 14:19:32.171, 2678, 13302, 0
2026/04/21 14:19:33.199, 2678, 13302, 0
2026/04/21 14:19:34.215, 2678, 13302, 0
2026/04/21 14:19:35.229, 2678, 13302, 0
2026/04/21 14:19:36.239, 2678, 13302, 0
2026/04/21 14:19:37.248, 2678, 13302, 0
2026/04/21 14:19:38.255, 2678, 13302, 0
2026/04/21 14:19:39.260, 2678, 13302, 0
2026/04/21 14:19:40.262, 2678, 13302, 0
2026/04/21 14:19:41.264, 2678, 13302, 0
2026/04/21 14:19:42.265, 2678, 13302, 0
2026/04/21 14:19:43.268, 2979, 13001, 0
2026/04/21 14:19:44.268, 2190, 13790, 0
2026/04/21 14:19:45.269, 13480, 2500, 0
2026/04/21 14:19:46.269, 15304, 676, 0
2026/04/21 14:19:47.270, 15304, 676, 28
2026/04/21 14:19:48.271, 15304, 676, 28
2026/04/21 14:19:49.271, 15575, 405, 50
2026/04/21 14:19:50.272, 15575, 405, 42
2026/04/21 14:19:51.273, 15575, 405, 46
2026/04/21 14:19:52.273, 15575, 405, 55
2026/04/21 14:19:53.274, 15575, 405, 62
2026/04/21 14:19:54.275, 15575, 405, 53
2026/04/21 14:19:55.276, 15575, 405, 48
2026/04/21 14:19:56.276, 15575, 405, 50
2026/04/21 14:19:57.277, 15575, 405, 49
2026/04/21 14:19:58.277, 15575, 405, 51
2026/04/21 14:19:59.278, 15575, 405, 46
2026/04/21 14:20:00.279, 15575, 405, 52
2026/04/21 14:20:01.279, 15575, 405, 49
2026/04/21 14:20:02.282, 15575, 405, 50
2026/04/21 14:20:03.309, 15575, 405, 54
2026/04/21 14:20:04.332, 15575, 405, 43
2026/04/21 14:20:05.350, 15575, 405, 45
2026/04/21 14:20:06.366, 15575, 405, 52
2026/04/21 14:20:07.380, 15575, 405, 58
2026/04/21 14:20:08.389, 15575, 405, 53
2026/04/21 14:20:09.398, 15575, 405, 49
2026/04/21 14:20:10.406, 15575, 405, 47
2026/04/21 14:20:11.411, 15575, 405, 49
2026/04/21 14:20:12.413, 15575, 405, 46
2026/04/21 14:20:13.415, 15575, 405, 46
2026/04/21 14:20:14.416, 15575, 405, 43
2026/04/21 14:20:15.417, 15575, 405, 48
2026/04/21 14:20:16.418, 15575, 405, 48
2026/04/21 14:20:17.419, 15575, 405, 49
2026/04/21 14:20:18.428, 15575, 405, 49
2026/04/21 14:20:19.429, 15575, 405, 47
2026/04/21 14:20:20.430, 15575, 405, 48
2026/04/21 14:20:21.430, 15575, 405, 49
2026/04/21 14:20:22.431, 15575, 405, 49
2026/04/21 14:20:23.431, 15575, 405, 44
2026/04/21 14:20:24.432, 15575, 405, 47
2026/04/21 14:20:25.432, 15575, 405, 50
2026/04/21 14:20:26.433, 15575, 405, 47
2026/04/21 14:20:27.433, 15575, 405, 51
2026/04/21 14:20:28.434, 15575, 405, 49
2026/04/21 14:20:29.435, 15581, 399, 9
2026/04/21 14:20:30.435, 15581, 399, 4
2026/04/21 14:20:31.436, 15581, 399, 6
2026/04/21 14:20:32.437, 15581, 399, 5
2026/04/21 14:20:33.438, 15581, 399, 5
2026/04/21 14:20:34.446, 15581, 399, 5
2026/04/21 14:20:35.468, 15581, 399, 8
2026/04/21 14:20:36.488, 15581, 399, 8
2026/04/21 14:20:37.504, 15581, 399, 7
2026/04/21 14:20:38.517, 15581, 399, 5
2026/04/21 14:20:39.527, 15581, 399, 5
2026/04/21 14:20:40.535, 15581, 399, 5
2026/04/21 14:20:41.543, 15581, 399, 8
2026/04/21 14:20:42.548, 15581, 399, 8
2026/04/21 14:20:43.551, 15581, 399, 5
2026/04/21 14:20:44.553, 15581, 399, 5
2026/04/21 14:20:45.555, 15581, 399, 8
2026/04/21 14:20:46.556, 15581, 399, 5
2026/04/21 14:20:47.557, 15581, 399, 5
2026/04/21 14:20:48.558, 15581, 399, 5
2026/04/21 14:20:49.559, 15581, 399, 8
2026/04/21 14:20:50.560, 15581, 399, 6
2026/04/21 14:20:51.561, 15581, 399, 5
2026/04/21 14:20:52.562, 15581, 399, 5
2026/04/21 14:20:53.563, 15581, 399, 5
2026/04/21 14:20:54.564, 15581, 399, 5
2026/04/21 14:20:55.564, 15581, 399, 5
2026/04/21 14:20:56.565, 15581, 399, 5
2026/04/21 14:20:57.566, 2160, 13820, 0
2026/04/21 14:20:58.569, 2160, 13820, 0
2026/04/21 14:20:59.570, 2160, 13820, 0
2026/04/21 14:21:00.570, 2680, 13300, 0
2026/04/21 14:21:01.571, 2190, 13790, 2
2026/04/21 14:21:02.571, 2201, 13779, 0
2026/04/21 14:21:03.572, 13491, 2489, 0
2026/04/21 14:21:04.572, 15315, 665, 2
2026/04/21 14:21:05.573, 15316, 664, 26
2026/04/21 14:21:06.590, 15316, 664, 25
2026/04/21 14:21:07.622, 15317, 663, 3
2026/04/21 14:21:08.649, 15315, 665, 50
2026/04/21 14:21:09.673, 15316, 664, 51
2026/04/21 14:21:10.692, 15316, 664, 54
2026/04/21 14:21:11.707, 15317, 663, 47
2026/04/21 14:21:12.718, 15315, 665, 52
2026/04/21 14:21:13.728, 15317, 663, 51
2026/04/21 14:21:14.736, 15317, 663, 54
2026/04/21 14:21:15.741, 15317, 663, 52
2026/04/21 14:21:16.745, 15317, 663, 52
2026/04/21 14:21:17.748, 15317, 663, 47
2026/04/21 14:21:18.750, 15317, 663, 44
2026/04/21 14:21:19.750, 15317, 663, 53
2026/04/21 14:21:20.751, 15315, 665, 51
2026/04/21 14:21:21.751, 15315, 665, 62
2026/04/21 14:21:22.754, 15315, 665, 52
2026/04/21 14:21:23.754, 15315, 665, 50
2026/04/21 14:21:24.756, 15315, 665, 46
2026/04/21 14:21:25.765, 15315, 665, 49
2026/04/21 14:21:26.765, 15315, 665, 51
2026/04/21 14:21:27.766, 15315, 665, 52
2026/04/21 14:21:28.766, 15315, 665, 50
2026/04/21 14:21:29.767, 15315, 665, 47
2026/04/21 14:21:30.768, 15316, 664, 52
2026/04/21 14:21:31.769, 15316, 664, 50
2026/04/21 14:21:32.769, 15317, 663, 51
2026/04/21 14:21:33.770, 15317, 663, 49
2026/04/21 14:21:34.770, 15317, 663, 51
2026/04/21 14:21:35.771, 15317, 663, 47
2026/04/21 14:21:36.771, 15317, 663, 48
2026/04/21 14:21:37.772, 15317, 663, 45
2026/04/21 14:21:38.772, 15317, 663, 49
2026/04/21 14:21:39.793, 15317, 663, 54
2026/04/21 14:21:40.818, 15317, 663, 52
2026/04/21 14:21:41.838, 15317, 663, 45
2026/04/21 14:21:42.854, 15317, 663, 50
2026/04/21 14:21:43.868, 15317, 663, 48
2026/04/21 14:21:44.879, 15317, 663, 64
2026/04/21 14:21:45.888, 15317, 663, 61
2026/04/21 14:21:46.895, 15317, 663, 48
2026/04/21 14:21:47.900, 15317, 663, 48
2026/04/21 14:21:48.904, 15317, 663, 46
2026/04/21 14:21:49.916, 15321, 659, 5
2026/04/21 14:21:50.917, 15321, 659, 5
2026/04/21 14:21:51.918, 15321, 659, 8
2026/04/21 14:21:52.918, 15321, 659, 9
2026/04/21 14:21:53.919, 15321, 659, 7
2026/04/21 14:21:54.920, 15321, 659, 7
2026/04/21 14:21:55.920, 15320, 660, 7
2026/04/21 14:21:56.921, 15320, 660, 6
2026/04/21 14:21:57.922, 15320, 660, 10
2026/04/21 14:21:58.923, 15320, 660, 9
2026/04/21 14:21:59.924, 15320, 660, 8
2026/04/21 14:22:00.924, 15320, 660, 7
2026/04/21 14:22:01.925, 15320, 660, 7
2026/04/21 14:22:02.926, 15321, 659, 7
2026/04/21 14:22:03.927, 15321, 659, 9
2026/04/21 14:22:04.928, 15322, 658, 8
2026/04/21 14:22:05.928, 15323, 657, 10
2026/04/21 14:22:06.929, 15323, 657, 7
2026/04/21 14:22:07.930, 15323, 657, 17
2026/04/21 14:22:08.931, 15323, 657, 7
2026/04/21 14:22:09.932, 15323, 657, 7
2026/04/21 14:22:10.934, 15323, 657, 6
2026/04/21 14:22:11.963, 15323, 657, 9
2026/04/21 14:22:12.990, 15323, 657, 6
2026/04/21 14:22:14.012, 15322, 658, 7
2026/04/21 14:22:15.031, 15320, 660, 8
2026/04/21 14:22:16.046, 15320, 660, 7
2026/04/21 14:22:17.058, 15320, 660, 6
2026/04/21 14:22:18.069, 15320, 660, 9
2026/04/21 14:22:19.077, 15320, 660, 7
2026/04/21 14:22:20.083, 15320, 660, 7
2026/04/21 14:22:21.087, 15320, 660, 8
2026/04/21 14:22:22.090, 15320, 660, 8
2026/04/21 14:22:23.091, 15320, 660, 9
2026/04/21 14:22:24.092, 15320, 660, 8
2026/04/21 14:22:25.093, 15320, 660, 6
2026/04/21 14:22:26.094, 15321, 659, 6
2026/04/21 14:22:27.094, 15321, 659, 7
2026/04/21 14:22:28.095, 15321, 659, 5
2026/04/21 14:22:29.096, 15321, 659, 7
2026/04/21 14:22:30.097, 15321, 659, 7
2026/04/21 14:22:31.098, 15321, 659, 9
2026/04/21 14:22:32.098, 15321, 659, 5
2026/04/21 14:22:33.099, 15321, 659, 6
2026/04/21 14:22:34.100, 15321, 659, 6
2026/04/21 14:22:35.101, 15321, 659, 6
2026/04/21 14:22:36.102, 15321, 659, 5
2026/04/21 14:22:37.103, 15321, 659, 5
2026/04/21 14:22:38.104, 15321, 659, 5
2026/04/21 14:22:39.105, 15321, 659, 8
2026/04/21 14:22:40.106, 15321, 659, 8
2026/04/21 14:22:41.107, 15321, 659, 7
2026/04/21 14:22:42.108, 15321, 659, 7
2026/04/21 14:22:43.109, 15321, 659, 8
2026/04/21 14:22:44.140, 15320, 660, 8
2026/04/21 14:22:45.166, 15320, 660, 7
2026/04/21 14:22:46.188, 15320, 660, 8
2026/04/21 14:22:47.206, 15320, 660, 7
2026/04/21 14:22:48.221, 15320, 660, 7
2026/04/21 14:22:49.234, 15320, 660, 8
2026/04/21 14:22:50.243, 15320, 660, 6
2026/04/21 14:22:51.251, 15320, 660, 8
2026/04/21 14:22:52.258, 15320, 660, 8
2026/04/21 14:22:53.265, 15320, 660, 7
2026/04/21 14:22:54.266, 15320, 660, 8
2026/04/21 14:22:55.267, 15320, 660, 7
2026/04/21 14:22:56.267, 15320, 660, 8
2026/04/21 14:22:57.268, 15321, 659, 6
2026/04/21 14:22:58.269, 15321, 659, 10
2026/04/21 14:22:59.274, 15319, 661, 9
2026/04/21 14:23:00.274, 15320, 660, 6
2026/04/21 14:23:01.275, 15320, 660, 9
2026/04/21 14:23:02.276, 15320, 660, 8
2026/04/21 14:23:03.277, 15320, 660, 8
2026/04/21 14:23:04.278, 15320, 660, 9
2026/04/21 14:23:05.279, 15320, 660, 8
2026/04/21 14:23:06.280, 15321, 659, 8
2026/04/21 14:23:07.281, 15319, 661, 9
2026/04/21 14:23:08.282, 15319, 661, 6
2026/04/21 14:23:09.283, 15319, 661, 8
2026/04/21 14:23:10.283, 15319, 661, 8
2026/04/21 14:23:11.284, 15320, 660, 8
2026/04/21 14:23:12.285, 15321, 659, 5
2026/04/21 14:23:13.286, 15321, 659, 5
2026/04/21 14:23:14.287, 15321, 659, 5
2026/04/21 14:23:15.293, 15321, 659, 7
2026/04/21 14:23:16.327, 15321, 659, 7
2026/04/21 14:23:17.356, 15321, 659, 5
2026/04/21 14:23:18.379, 15321, 659, 6
2026/04/21 14:23:19.398, 15321, 659, 7
2026/04/21 14:23:20.413, 15321, 659, 6
2026/04/21 14:23:21.425, 15321, 659, 6
2026/04/21 14:23:22.435, 15321, 659, 5
2026/04/21 14:23:23.443, 15321, 659, 5
2026/04/21 14:23:24.450, 15321, 659, 5
2026/04/21 14:23:25.454, 15321, 659, 6
2026/04/21 14:23:26.456, 15321, 659, 5
2026/04/21 14:23:27.457, 15321, 659, 5
2026/04/21 14:23:28.458, 15321, 659, 5
2026/04/21 14:23:29.463, 15321, 659, 8
2026/04/21 14:23:30.464, 15321, 659, 5
2026/04/21 14:23:31.464, 15321, 659, 7
2026/04/21 14:23:32.465, 15321, 659, 5
2026/04/21 14:23:33.467, 15321, 659, 5
2026/04/21 14:23:34.467, 15321, 659, 5
2026/04/21 14:23:35.468, 15321, 659, 5
2026/04/21 14:23:36.470, 15321, 659, 8
2026/04/21 14:23:37.471, 15321, 659, 8
2026/04/21 14:23:38.472, 15321, 659, 6
2026/04/21 14:23:39.473, 15321, 659, 5
2026/04/21 14:23:40.474, 15321, 659, 5
2026/04/21 14:23:41.475, 15321, 659, 7
2026/04/21 14:23:42.477, 15321, 659, 5
2026/04/21 14:23:43.477, 15321, 659, 5
2026/04/21 14:23:44.478, 15321, 659, 5
2026/04/21 14:23:45.480, 15321, 659, 5
2026/04/21 14:23:46.481, 15321, 659, 5
2026/04/21 14:23:47.482, 15321, 659, 5
2026/04/21 14:23:48.493, 15321, 659, 5
2026/04/21 14:23:49.523, 15321, 659, 5
2026/04/21 14:23:50.548, 15321, 659, 5
2026/04/21 14:23:51.569, 15321, 659, 5
2026/04/21 14:23:52.586, 15321, 659, 8
2026/04/21 14:23:53.600, 15321, 659, 5
2026/04/21 14:23:54.612, 15321, 659, 5
2026/04/21 14:23:55.621, 15321, 659, 5
2026/04/21 14:23:56.628, 15321, 659, 8
2026/04/21 14:23:57.633, 15321, 659, 5
2026/04/21 14:23:58.636, 15321, 659, 5
2026/04/21 14:23:59.638, 15321, 659, 5
2026/04/21 14:24:00.639, 15321, 659, 5
2026/04/21 14:24:01.640, 15321, 659, 5
2026/04/21 14:24:02.641, 15321, 659, 5
2026/04/21 14:24:03.642, 15321, 659, 5
2026/04/21 14:24:04.646, 15321, 659, 4
2026/04/21 14:24:05.647, 15373, 607, 9
2026/04/21 14:24:06.648, 15377, 603, 9
2026/04/21 14:24:07.648, 15343, 637, 5
2026/04/21 14:24:08.649, 15343, 637, 5
2026/04/21 14:24:09.650, 15343, 637, 5
2026/04/21 14:24:10.651, 15343, 637, 5
2026/04/21 14:24:11.652, 15343, 637, 5
2026/04/21 14:24:12.653, 15343, 637, 5
2026/04/21 14:24:13.654, 15343, 637, 5
2026/04/21 14:24:14.655, 15343, 637, 5
2026/04/21 14:24:15.656, 15343, 637, 8
2026/04/21 14:24:16.657, 15343, 637, 5
2026/04/21 14:24:17.658, 15343, 637, 5
2026/04/21 14:24:18.658, 15341, 639, 7
2026/04/21 14:24:19.659, 15321, 659, 5
2026/04/21 14:24:20.677, 15321, 659, 7
2026/04/21 14:24:21.706, 15321, 659, 7
2026/04/21 14:24:22.730, 15321, 659, 7
2026/04/21 14:24:23.749, 15321, 659, 5
2026/04/21 14:24:24.766, 15321, 659, 5
2026/04/21 14:24:25.779, 15321, 659, 6
2026/04/21 14:24:26.789, 15321, 659, 8
2026/04/21 14:24:27.797, 15323, 657, 6
2026/04/21 14:24:28.804, 15323, 657, 6
2026/04/21 14:24:29.808, 15323, 657, 5
2026/04/21 14:24:30.811, 15321, 659, 8
2026/04/21 14:24:31.812, 15321, 659, 10
2026/04/21 14:24:32.813, 15321, 659, 7
2026/04/21 14:24:33.814, 15322, 658, 9
2026/04/21 14:24:34.815, 15322, 658, 5
2026/04/21 14:24:35.816, 15320, 660, 9
2026/04/21 14:24:36.817, 15320, 660, 5
2026/04/21 14:24:37.817, 15321, 659, 11
2026/04/21 14:24:38.819, 15321, 659, 5
2026/04/21 14:24:39.819, 15321, 659, 5
2026/04/21 14:24:40.820, 15321, 659, 7
2026/04/21 14:24:41.821, 15321, 659, 5
2026/04/21 14:24:42.822, 15321, 659, 10
2026/04/21 14:24:43.823, 15322, 658, 5
2026/04/21 14:24:44.824, 15322, 658, 6
2026/04/21 14:24:45.825, 15322, 658, 8
2026/04/21 14:24:46.826, 15322, 658, 7
2026/04/21 14:24:47.827, 15322, 658, 8
2026/04/21 14:24:48.827, 15322, 658, 9
2026/04/21 14:24:49.828, 15323, 657, 9
2026/04/21 14:24:50.830, 15323, 657, 6
2026/04/21 14:24:51.831, 15323, 657, 8
2026/04/21 14:24:52.857, 15323, 657, 5
2026/04/21 14:24:53.885, 15323, 657, 5
2026/04/21 14:24:54.908, 15321, 659, 9
2026/04/21 14:24:55.928, 15321, 659, 5
2026/04/21 14:24:56.944, 15321, 659, 5
2026/04/21 14:24:57.957, 15322, 658, 5
2026/04/21 14:24:58.967, 15322, 658, 5
2026/04/21 14:24:59.975, 15321, 659, 5
2026/04/21 14:25:00.981, 15320, 660, 7
2026/04/21 14:25:01.985, 15320, 660, 6
2026/04/21 14:25:02.987, 15322, 658, 7
2026/04/21 14:25:03.988, 15322, 658, 5
2026/04/21 14:25:04.989, 15322, 658, 5
2026/04/21 14:25:05.990, 15322, 658, 5
2026/04/21 14:25:06.990, 15322, 658, 6
2026/04/21 14:25:07.991, 15322, 658, 6
2026/04/21 14:25:08.992, 15322, 658, 5
2026/04/21 14:25:09.993, 15320, 660, 7
2026/04/21 14:25:10.994, 15321, 659, 5
2026/04/21 14:25:11.995, 15321, 659, 5
2026/04/21 14:25:12.996, 15321, 659, 5
2026/04/21 14:25:13.997, 15321, 659, 5
2026/04/21 14:25:14.998, 15321, 659, 5
2026/04/21 14:25:15.999, 15321, 659, 5
2026/04/21 14:25:17.000, 15321, 659, 5
2026/04/21 14:25:18.000, 15321, 659, 6
2026/04/21 14:25:19.001, 15321, 659, 8
2026/04/21 14:25:20.003, 15321, 659, 7
2026/04/21 14:25:21.004, 15321, 659, 9
2026/04/21 14:25:22.006, 15321, 659, 10
2026/04/21 14:25:23.006, 15322, 658, 6
2026/04/21 14:25:24.008, 15321, 659, 7
2026/04/21 14:25:25.040, 15322, 658, 7
2026/04/21 14:25:26.067, 15321, 659, 7
2026/04/21 14:25:27.091, 15321, 659, 5
2026/04/21 14:25:28.110, 15321, 659, 6
2026/04/21 14:25:29.125, 15321, 659, 6
2026/04/21 14:25:30.137, 15322, 658, 7
2026/04/21 14:25:31.147, 15322, 658, 7
2026/04/21 14:25:32.154, 15322, 658, 5
2026/04/21 14:25:33.159, 15322, 658, 5
2026/04/21 14:25:34.163, 15321, 659, 5
2026/04/21 14:25:35.165, 15321, 659, 8
2026/04/21 14:25:36.165, 15322, 658, 7
2026/04/21 14:25:37.166, 15321, 659, 7
2026/04/21 14:25:38.168, 15321, 659, 5
2026/04/21 14:25:39.169, 15321, 659, 5
2026/04/21 14:25:40.170, 15321, 659, 6
2026/04/21 14:25:41.170, 15321, 659, 5
2026/04/21 14:25:42.171, 15321, 659, 5
2026/04/21 14:25:43.172, 15321, 659, 5
2026/04/21 14:25:44.173, 15321, 659, 5
2026/04/21 14:25:45.174, 15321, 659, 5
2026/04/21 14:25:46.175, 15321, 659, 5
2026/04/21 14:25:47.176, 15321, 659, 5
2026/04/21 14:25:48.177, 15321, 659, 5
2026/04/21 14:25:49.178, 15321, 659, 8
2026/04/21 14:25:50.179, 15321, 659, 5
2026/04/21 14:25:51.180, 15321, 659, 5
2026/04/21 14:25:52.181, 15321, 659, 3
2026/04/21 14:25:53.182, 15321, 659, 6
2026/04/21 14:25:54.183, 15322, 658, 5
2026/04/21 14:25:55.184, 15349, 631, 5
2026/04/21 14:25:56.185, 15349, 631, 5
2026/04/21 14:25:57.191, 15351, 629, 5
2026/04/21 14:25:58.225, 15487, 493, 5
2026/04/21 14:25:59.253, 15373, 607, 8
2026/04/21 14:26:00.278, 15373, 607, 6
2026/04/21 14:26:01.298, 15350, 630, 9
2026/04/21 14:26:02.314, 15350, 630, 8
2026/04/21 14:26:03.327, 15351, 629, 8
2026/04/21 14:26:04.337, 15351, 629, 6
2026/04/21 14:26:05.346, 15352, 628, 5
2026/04/21 14:26:06.352, 15351, 629, 7
2026/04/21 14:26:07.357, 15351, 629, 8
2026/04/21 14:26:08.360, 15352, 628, 5
2026/04/21 14:26:09.361, 15352, 628, 5
2026/04/21 14:26:10.362, 15351, 629, 5
2026/04/21 14:26:11.362, 15351, 629, 6
2026/04/21 14:26:12.363, 15351, 629, 10
2026/04/21 14:26:13.364, 15351, 629, 6
2026/04/21 14:26:14.365, 15351, 629, 4
2026/04/21 14:26:15.366, 15351, 629, 7
2026/04/21 14:26:16.367, 15351, 629, 5
2026/04/21 14:26:17.368, 15351, 629, 5
2026/04/21 14:26:18.369, 15351, 629, 5
2026/04/21 14:26:19.370, 15351, 629, 5
2026/04/21 14:26:20.371, 15351, 629, 5
2026/04/21 14:26:21.372, 15351, 629, 6
2026/04/21 14:26:22.375, 15351, 629, 5
2026/04/21 14:26:23.376, 15351, 629, 5
2026/04/21 14:26:24.377, 15351, 629, 6
2026/04/21 14:26:25.378, 15351, 629, 5
2026/04/21 14:26:26.379, 15351, 629, 5
2026/04/21 14:26:27.379, 15351, 629, 5
2026/04/21 14:26:28.380, 15351, 629, 5
2026/04/21 14:26:29.387, 15351, 629, 5
2026/04/21 14:26:30.418, 15351, 629, 5
2026/04/21 14:26:31.444, 15351, 629, 5
2026/04/21 14:26:32.466, 15351, 629, 6
2026/04/21 14:26:33.483, 15351, 629, 5
2026/04/21 14:26:34.498, 15351, 629, 7
2026/04/21 14:26:35.509, 15351, 629, 6
2026/04/21 14:26:36.518, 15351, 629, 8
2026/04/21 14:26:37.525, 15351, 629, 5
2026/04/21 14:26:38.530, 15351, 629, 5
2026/04/21 14:26:39.533, 15351, 629, 5
2026/04/21 14:26:40.535, 15351, 629, 5
2026/04/21 14:26:41.536, 15351, 629, 5
2026/04/21 14:26:42.536, 15351, 629, 9
2026/04/21 14:26:43.538, 15351, 629, 5
2026/04/21 14:26:44.540, 15353, 627, 6
2026/04/21 14:26:45.541, 15353, 627, 5
2026/04/21 14:26:46.542, 15353, 627, 5
2026/04/21 14:26:47.543, 15353, 627, 5
2026/04/21 14:26:48.544, 15353, 627, 5
2026/04/21 14:26:49.545, 15353, 627, 6
2026/04/21 14:26:50.547, 15351, 629, 8
2026/04/21 14:26:51.548, 15351, 629, 6
2026/04/21 14:26:52.549, 15352, 628, 6
2026/04/21 14:26:53.550, 15352, 628, 6
2026/04/21 14:26:54.551, 15352, 628, 7
2026/04/21 14:26:55.551, 15352, 628, 5
2026/04/21 14:26:56.552, 15352, 628, 5
2026/04/21 14:26:57.553, 15351, 629, 6
2026/04/21 14:26:58.554, 15350, 630, 9
2026/04/21 14:26:59.554, 15350, 630, 8
2026/04/21 14:27:00.555, 15351, 629, 5
2026/04/21 14:27:01.569, 15351, 629, 6
2026/04/21 14:27:02.601, 15350, 630, 9
2026/04/21 14:27:03.627, 15350, 630, 10
2026/04/21 14:27:04.648, 15350, 630, 8
2026/04/21 14:27:05.666, 15351, 629, 6
2026/04/21 14:27:06.680, 15351, 629, 5
2026/04/21 14:27:07.691, 15351, 629, 5
2026/04/21 14:27:08.700, 15351, 629, 5
2026/04/21 14:27:09.707, 15351, 629, 3
2026/04/21 14:27:10.712, 15351, 629, 5
2026/04/21 14:27:11.715, 15351, 629, 5
2026/04/21 14:27:12.716, 15351, 629, 5
2026/04/21 14:27:13.717, 15351, 629, 6
2026/04/21 14:27:14.718, 15351, 629, 5
2026/04/21 14:27:15.719, 15351, 629, 7
2026/04/21 14:27:16.721, 15351, 629, 5
2026/04/21 14:27:17.721, 15351, 629, 5
2026/04/21 14:27:18.723, 15351, 629, 5
2026/04/21 14:27:19.724, 15351, 629, 8
2026/04/21 14:27:20.725, 15351, 629, 5
2026/04/21 14:27:21.726, 15351, 629, 5
2026/04/21 14:27:22.727, 15351, 629, 6
2026/04/21 14:27:23.728, 15351, 629, 5
2026/04/21 14:27:24.729, 15351, 629, 5
2026/04/21 14:27:25.730, 15351, 629, 5
2026/04/21 14:27:26.732, 15351, 629, 5
2026/04/21 14:27:27.733, 15351, 629, 5
2026/04/21 14:27:28.734, 15351, 629, 5
2026/04/21 14:27:29.734, 15351, 629, 5
2026/04/21 14:27:30.735, 15351, 629, 5
2026/04/21 14:27:31.736, 15351, 629, 5
2026/04/21 14:27:32.737, 15351, 629, 5
2026/04/21 14:27:33.761, 15351, 629, 5
2026/04/21 14:27:34.791, 15351, 629, 5
2026/04/21 14:27:35.817, 15351, 629, 5
2026/04/21 14:27:36.838, 15351, 629, 5
2026/04/21 14:27:37.855, 15351, 629, 6
2026/04/21 14:27:38.870, 15351, 629, 5
2026/04/21 14:27:39.881, 15351, 629, 5
2026/04/21 14:27:40.890, 15351, 629, 5
2026/04/21 14:27:41.897, 15351, 629, 5
2026/04/21 14:27:42.902, 15351, 629, 5
2026/04/21 14:27:43.905, 15351, 629, 5
2026/04/21 14:27:44.906, 15351, 629, 3
2026/04/21 14:27:45.907, 15351, 629, 6
2026/04/21 14:27:46.908, 15351, 629, 5
2026/04/21 14:27:47.909, 15351, 629, 5
2026/04/21 14:27:48.910, 15351, 629, 5
2026/04/21 14:27:49.911, 15351, 629, 7
2026/04/21 14:27:50.912, 15351, 629, 5
2026/04/21 14:27:51.919, 15351, 629, 8
2026/04/21 14:27:52.920, 15351, 629, 5
2026/04/21 14:27:53.921, 15351, 629, 6
2026/04/21 14:27:54.922, 15351, 629, 5
2026/04/21 14:27:55.923, 15351, 629, 5
2026/04/21 14:27:56.925, 15351, 629, 6
2026/04/21 14:27:57.926, 15351, 629, 5
2026/04/21 14:27:58.927, 15351, 629, 5
2026/04/21 14:27:59.928, 15351, 629, 5
2026/04/21 14:28:00.929, 15351, 629, 8
2026/04/21 14:28:01.930, 15351, 629, 11
2026/04/21 14:28:02.936, 15351, 629, 10
2026/04/21 14:28:03.936, 15351, 629, 10
2026/04/21 14:28:04.938, 15351, 629, 10
2026/04/21 14:28:05.939, 15351, 629, 9
2026/04/21 14:28:06.971, 15351, 629, 5
2026/04/21 14:28:08.001, 15351, 629, 5
2026/04/21 14:28:09.027, 15351, 629, 8
2026/04/21 14:28:10.048, 15351, 629, 0
2026/04/21 14:28:11.066, 15351, 629, 39
2026/04/21 14:28:12.081, 15351, 629, 36
2026/04/21 14:28:13.093, 15351, 629, 52
2026/04/21 14:28:14.102, 15351, 629, 39
2026/04/21 14:28:15.107, 15351, 629, 45
2026/04/21 14:28:16.111, 15351, 629, 53
2026/04/21 14:28:17.113, 15351, 629, 51
2026/04/21 14:28:18.114, 15351, 629, 61
2026/04/21 14:28:19.115, 15351, 629, 53
2026/04/21 14:28:20.116, 15351, 629, 48
2026/04/21 14:28:21.117, 15351, 629, 52
2026/04/21 14:28:22.117, 15351, 629, 5
2026/04/21 14:28:23.118, 15351, 629, 6
2026/04/21 14:28:24.119, 15351, 629, 5
2026/04/21 14:28:25.120, 15351, 629, 6
2026/04/21 14:28:26.121, 15351, 629, 6
2026/04/21 14:28:27.122, 15351, 629, 5
2026/04/21 14:28:28.123, 15351, 629, 6
2026/04/21 14:28:29.124, 15351, 629, 6
2026/04/21 14:28:30.125, 15351, 629, 6
2026/04/21 14:28:31.126, 15351, 629, 5
2026/04/21 14:28:32.128, 15351, 629, 0
2026/04/21 14:28:33.129, 15351, 629, 50
2026/04/21 14:28:34.129, 15351, 629, 48
2026/04/21 14:28:35.130, 15351, 629, 5
2026/04/21 14:28:36.131, 15351, 629, 6
2026/04/21 14:28:37.132, 15351, 629, 6
2026/04/21 14:28:38.134, 15351, 629, 6
2026/04/21 14:28:39.168, 15351, 629, 9
2026/04/21 14:28:40.197, 15351, 629, 10
2026/04/21 14:28:41.222, 15351, 629, 9
2026/04/21 14:28:42.250, 15351, 629, 6
2026/04/21 14:28:43.267, 15351, 629, 9
2026/04/21 14:28:44.281, 15351, 629, 8
2026/04/21 14:28:45.292, 15351, 629, 9
2026/04/21 14:28:46.301, 15351, 629, 9
2026/04/21 14:28:47.306, 15351, 629, 7
2026/04/21 14:28:48.309, 15351, 629, 3
2026/04/21 14:28:49.311, 15351, 629, 48
2026/04/21 14:28:50.311, 15351, 629, 42
2026/04/21 14:28:51.312, 15351, 629, 53
2026/04/21 14:28:52.313, 15351, 629, 22
2026/04/21 14:28:53.314, 15351, 629, 7
2026/04/21 14:28:54.315, 15351, 629, 6
2026/04/21 14:28:55.316, 15351, 629, 6
2026/04/21 14:28:56.317, 15351, 629, 7
2026/04/21 14:28:57.318, 15351, 629, 6
2026/04/21 14:28:58.320, 15351, 629, 10
2026/04/21 14:28:59.321, 15351, 629, 9
2026/04/21 14:29:00.322, 15351, 629, 9
2026/04/21 14:29:01.322, 15351, 629, 5
2026/04/21 14:29:02.323, 15351, 629, 9
2026/04/21 14:29:03.324, 15351, 629, 7
2026/04/21 14:29:04.325, 15351, 629, 9
2026/04/21 14:29:05.325, 15351, 629, 8
2026/04/21 14:29:06.331, 15351, 629, 10
2026/04/21 14:29:07.332, 15351, 629, 9
2026/04/21 14:29:08.333, 15351, 629, 2
2026/04/21 14:29:09.333, 15351, 629, 35
2026/04/21 14:29:10.338, 15351, 629, 53
2026/04/21 14:29:11.370, 15351, 629, 59
2026/04/21 14:29:12.398, 15351, 629, 52
2026/04/21 14:29:13.430, 15353, 627, 49
2026/04/21 14:29:14.448, 15354, 626, 8
2026/04/21 14:29:15.463, 15351, 629, 10
2026/04/21 14:29:16.475, 15352, 628, 8
2026/04/21 14:29:17.484, 15352, 628, 8
2026/04/21 14:29:18.492, 15352, 628, 8
2026/04/21 14:29:19.497, 15352, 628, 5
2026/04/21 14:29:20.500, 15352, 628, 6
2026/04/21 14:29:21.502, 15352, 628, 5
2026/04/21 14:29:22.503, 15352, 628, 6
2026/04/21 14:29:23.504, 15352, 628, 50
2026/04/21 14:29:24.505, 15354, 626, 55
2026/04/21 14:29:25.505, 15354, 626, 55
2026/04/21 14:29:26.506, 15354, 626, 48
2026/04/21 14:29:27.506, 15354, 626, 5
2026/04/21 14:29:28.507, 15354, 626, 5
2026/04/21 14:29:29.508, 15354, 626, 7
2026/04/21 14:29:30.509, 15354, 626, 6
2026/04/21 14:29:31.509, 15354, 626, 6
2026/04/21 14:29:32.511, 15354, 626, 6
2026/04/21 14:29:33.512, 15354, 626, 6
2026/04/21 14:29:34.513, 15354, 626, 6
2026/04/21 14:29:35.514, 15354, 626, 6
2026/04/21 14:29:36.515, 15354, 626, 53
2026/04/21 14:29:37.515, 15354, 626, 52
2026/04/21 14:29:38.516, 15354, 626, 53
2026/04/21 14:29:39.516, 15354, 626, 42
2026/04/21 14:29:40.517, 15354, 626, 5
2026/04/21 14:29:41.520, 15354, 626, 5
2026/04/21 14:29:42.534, 15354, 626, 6
2026/04/21 14:29:43.565, 15354, 626, 4
2026/04/21 14:29:44.590, 15354, 626, 5
2026/04/21 14:29:45.612, 15354, 626, 6
2026/04/21 14:29:46.629, 15354, 626, 6
2026/04/21 14:29:47.644, 15354, 626, 6
2026/04/21 14:29:48.656, 15354, 626, 6
2026/04/21 14:29:49.664, 15354, 626, 6
2026/04/21 14:29:50.670, 15354, 626, 6
2026/04/21 14:29:51.675, 15354, 626, 6
2026/04/21 14:29:52.678, 15354, 626, 3
2026/04/21 14:29:53.679, 15354, 626, 6
2026/04/21 14:29:54.680, 15354, 626, 6
2026/04/21 14:29:55.688, 15354, 626, 4
2026/04/21 14:29:56.689, 15354, 626, 6
2026/04/21 14:29:57.690, 15354, 626, 4
2026/04/21 14:29:58.692, 15354, 626, 6
2026/04/21 14:29:59.693, 15354, 626, 6
2026/04/21 14:30:00.693, 15354, 626, 6
2026/04/21 14:30:01.694, 15354, 626, 6
2026/04/21 14:30:02.695, 15354, 626, 3
2026/04/21 14:30:03.696, 15354, 626, 6
2026/04/21 14:30:04.697, 15354, 626, 6
2026/04/21 14:30:05.698, 15354, 626, 6
2026/04/21 14:30:06.699, 15352, 628, 7
2026/04/21 14:30:07.700, 15352, 628, 8
2026/04/21 14:30:08.701, 15352, 628, 7
2026/04/21 14:30:09.702, 15352, 628, 5
2026/04/21 14:30:10.703, 15352, 628, 8
2026/04/21 14:30:11.704, 15352, 628, 8
2026/04/21 14:30:12.705, 15352, 628, 6
2026/04/21 14:30:13.706, 15352, 628, 49
2026/04/21 14:30:14.708, 15352, 628, 46
2026/04/21 14:30:15.730, 15352, 628, 47
2026/04/21 14:30:16.761, 15352, 628, 56
2026/04/21 14:30:17.786, 15352, 628, 63
2026/04/21 14:30:18.809, 15352, 628, 35
2026/04/21 14:30:19.826, 15352, 628, 7
2026/04/21 14:30:20.840, 15352, 628, 9
2026/04/21 14:30:21.851, 15352, 628, 6
2026/04/21 14:30:22.863, 15352, 628, 6
2026/04/21 14:30:23.869, 15352, 628, 5
2026/04/21 14:30:24.874, 15352, 628, 9
2026/04/21 14:30:25.877, 15352, 628, 6
2026/04/21 14:30:26.878, 15352, 628, 9
2026/04/21 14:30:27.879, 15352, 628, 9
2026/04/21 14:30:28.880, 15352, 628, 9
2026/04/21 14:30:29.881, 15352, 628, 6
2026/04/21 14:30:30.882, 15352, 628, 9
2026/04/21 14:30:31.883, 15352, 628, 6
2026/04/21 14:30:32.884, 15352, 628, 7
2026/04/21 14:30:33.885, 15352, 628, 6
2026/04/21 14:30:34.886, 15352, 628, 8
2026/04/21 14:30:35.887, 15352, 628, 10
2026/04/21 14:30:36.888, 15352, 628, 8
2026/04/21 14:30:37.889, 15352, 628, 8
2026/04/21 14:30:38.890, 15352, 628, 8
2026/04/21 14:30:39.890, 15352, 628, 9
2026/04/21 14:30:40.892, 15352, 628, 9
2026/04/21 14:30:41.892, 15352, 628, 9
2026/04/21 14:30:42.895, 15352, 628, 9
2026/04/21 14:30:43.896, 15352, 628, 8
2026/04/21 14:30:44.896, 15352, 628, 8
2026/04/21 14:30:45.897, 15352, 628, 7
2026/04/21 14:30:46.898, 15352, 628, 6
2026/04/21 14:30:47.930, 15352, 628, 7
2026/04/21 14:30:48.958, 15352, 628, 7
2026/04/21 14:30:49.983, 15352, 628, 7
2026/04/21 14:30:51.004, 15352, 628, 7
2026/04/21 14:30:52.020, 15352, 628, 8
2026/04/21 14:30:53.034, 15352, 628, 7
2026/04/21 14:30:54.044, 15352, 628, 7
2026/04/21 14:30:55.051, 15352, 628, 6
2026/04/21 14:30:56.057, 15352, 628, 6
2026/04/21 14:30:57.061, 15352, 628, 8
2026/04/21 14:30:58.063, 15352, 628, 6
2026/04/21 14:30:59.064, 15352, 628, 7
2026/04/21 14:31:00.065, 15352, 628, 6
2026/04/21 14:31:01.067, 15352, 628, 8
2026/04/21 14:31:02.068, 15352, 628, 10
2026/04/21 14:31:03.069, 15352, 628, 6
2026/04/21 14:31:04.070, 15352, 628, 9
2026/04/21 14:31:05.071, 15352, 628, 6
2026/04/21 14:31:06.072, 15352, 628, 9
2026/04/21 14:31:07.072, 15352, 628, 5
2026/04/21 14:31:08.073, 15352, 628, 6
2026/04/21 14:31:09.076, 15352, 628, 6
2026/04/21 14:31:10.082, 15352, 628, 7
2026/04/21 14:31:11.085, 15352, 628, 6
2026/04/21 14:31:12.086, 15352, 628, 6
2026/04/21 14:31:13.087, 15352, 628, 6
2026/04/21 14:31:14.088, 15352, 628, 6
2026/04/21 14:31:15.089, 15352, 628, 6
2026/04/21 14:31:16.094, 15352, 628, 4
2026/04/21 14:31:17.095, 15352, 628, 49
2026/04/21 14:31:18.096, 15352, 628, 5
2026/04/21 14:31:19.100, 15352, 628, 5
2026/04/21 14:31:20.134, 15352, 628, 8
2026/04/21 14:31:21.167, 15352, 628, 9
2026/04/21 14:31:22.189, 15352, 628, 6
2026/04/21 14:31:23.209, 15352, 628, 9
2026/04/21 14:31:24.224, 15352, 628, 7
2026/04/21 14:31:25.239, 15352, 628, 6
2026/04/21 14:31:26.249, 15352, 628, 6
2026/04/21 14:31:27.256, 15352, 628, 7
2026/04/21 14:31:28.261, 15352, 628, 10
2026/04/21 14:31:29.266, 15352, 628, 8
2026/04/21 14:31:30.268, 15352, 628, 7
2026/04/21 14:31:31.270, 15352, 628, 8
2026/04/21 14:31:32.277, 15352, 628, 5
2026/04/21 14:31:33.278, 15352, 628, 7
2026/04/21 14:31:34.278, 15352, 628, 6
2026/04/21 14:31:35.279, 15352, 628, 7
2026/04/21 14:31:36.281, 15352, 628, 6
2026/04/21 14:31:37.282, 15352, 628, 6
2026/04/21 14:31:38.283, 15352, 628, 6
2026/04/21 14:31:39.284, 15352, 628, 6
2026/04/21 14:31:40.284, 15352, 628, 6
2026/04/21 14:31:41.285, 15352, 628, 6
2026/04/21 14:31:42.295, 15352, 628, 6
2026/04/21 14:31:43.296, 15352, 628, 6
2026/04/21 14:31:44.304, 15352, 628, 6
2026/04/21 14:31:45.305, 15352, 628, 6
2026/04/21 14:31:46.306, 15352, 628, 4
2026/04/21 14:31:47.307, 15352, 628, 5
2026/04/21 14:31:48.308, 15352, 628, 6
2026/04/21 14:31:49.309, 15352, 628, 6
2026/04/21 14:31:50.310, 15352, 628, 7
2026/04/21 14:31:51.311, 15352, 628, 6
2026/04/21 14:31:52.312, 15352, 628, 6
2026/04/21 14:31:53.313, 15352, 628, 6
2026/04/21 14:31:54.313, 15352, 628, 6
2026/04/21 14:31:55.314, 15352, 628, 6
2026/04/21 14:31:56.315, 15352, 628, 6
2026/04/21 14:31:57.316, 15352, 628, 6
2026/04/21 14:31:58.317, 15352, 628, 9
2026/04/21 14:31:59.317, 15352, 628, 52
2026/04/21 14:32:00.320, 15352, 628, 49
2026/04/21 14:32:01.322, 15352, 628, 5
2026/04/21 14:32:02.323, 15352, 628, 4
2026/04/21 14:32:03.324, 15352, 628, 6
2026/04/21 14:32:04.325, 15352, 628, 3
2026/04/21 14:32:05.325, 15352, 628, 3
2026/04/21 14:32:06.326, 15352, 628, 6
2026/04/21 14:32:07.328, 15352, 628, 6
2026/04/21 14:32:08.329, 15352, 628, 5
2026/04/21 14:32:09.330, 15352, 628, 3
2026/04/21 14:32:10.332, 15352, 628, 6
2026/04/21 14:32:11.337, 15352, 628, 6
2026/04/21 14:32:12.338, 15352, 628, 6
2026/04/21 14:32:13.344, 15352, 628, 5
2026/04/21 14:32:14.344, 15352, 628, 36
2026/04/21 14:32:15.393, 15352, 628, 58
2026/04/21 14:32:16.467, 15352, 628, 58
2026/04/21 14:32:17.542, 15352, 628, 5
2026/04/21 14:32:18.584, 15352, 628, 6
2026/04/21 14:32:19.584, 15352, 628, 6
2026/04/21 14:32:20.594, 15352, 628, 6
2026/04/21 14:32:21.594, 15352, 628, 6
2026/04/21 14:32:22.595, 15352, 628, 6
2026/04/21 14:32:23.662, 15352, 628, 5
2026/04/21 14:32:24.687, 15352, 628, 7
2026/04/21 14:32:25.717, 15352, 628, 6
2026/04/21 14:32:26.736, 15352, 628, 6
2026/04/21 14:32:27.751, 15352, 628, 7
2026/04/21 14:32:28.765, 15352, 628, 3
2026/04/21 14:32:29.775, 15352, 628, 6
2026/04/21 14:32:30.785, 15352, 628, 64
2026/04/21 14:32:31.813, 15352, 628, 53
2026/04/21 14:32:32.840, 15352, 628, 49
2026/04/21 14:32:33.861, 15352, 628, 5
2026/04/21 14:32:34.862, 15352, 628, 5
2026/04/21 14:32:35.863, 15352, 628, 4
2026/04/21 14:32:36.864, 15352, 628, 6
2026/04/21 14:32:37.865, 15352, 628, 6
2026/04/21 14:32:38.866, 15352, 628, 6
2026/04/21 14:32:39.867, 15352, 628, 6
2026/04/21 14:32:40.868, 15352, 628, 8
2026/04/21 14:32:41.869, 15352, 628, 6
2026/04/21 14:32:42.870, 15352, 628, 6
2026/04/21 14:32:43.871, 15354, 626, 13
2026/04/21 14:32:44.872, 15354, 626, 3
2026/04/21 14:32:45.874, 15354, 626, 3
2026/04/21 14:32:46.876, 15354, 626, 7
2026/04/21 14:32:47.876, 15354, 626, 6
2026/04/21 14:32:48.888, 15354, 626, 7
2026/04/21 14:32:49.889, 15354, 626, 6
2026/04/21 14:32:50.891, 15354, 626, 5
2026/04/21 14:32:51.892, 15354, 626, 5
2026/04/21 14:32:52.893, 15354, 626, 5
2026/04/21 14:32:53.894, 15354, 626, 6
2026/04/21 14:32:54.896, 15354, 626, 6
2026/04/21 14:32:55.902, 15354, 626, 6
2026/04/21 14:32:56.902, 15354, 626, 6
2026/04/21 14:32:57.937, 15354, 626, 9
2026/04/21 14:32:58.972, 15354, 626, 6
2026/04/21 14:33:00.000, 15354, 626, 7
2026/04/21 14:33:01.025, 15354, 626, 6
2026/04/21 14:33:02.045, 15354, 626, 6
2026/04/21 14:33:03.062, 15354, 626, 6
2026/04/21 14:33:04.082, 15354, 626, 6
2026/04/21 14:33:05.090, 15354, 626, 6
2026/04/21 14:33:06.096, 15354, 626, 6
2026/04/21 14:33:07.100, 15354, 626, 3
2026/04/21 14:33:08.103, 15354, 626, 4
2026/04/21 14:33:09.104, 15354, 626, 3
2026/04/21 14:33:10.105, 15354, 626, 3
2026/04/21 14:33:11.106, 15354, 626, 4
2026/04/21 14:33:12.106, 15354, 626, 6
2026/04/21 14:33:13.107, 15354, 626, 3
2026/04/21 14:33:14.108, 15354, 626, 6
2026/04/21 14:33:15.109, 15354, 626, 6
2026/04/21 14:33:16.116, 15354, 626, 7
2026/04/21 14:33:17.117, 15354, 626, 6
2026/04/21 14:33:18.118, 15354, 626, 9
2026/04/21 14:33:19.120, 15354, 626, 6
2026/04/21 14:33:20.120, 15354, 626, 5
2026/04/21 14:33:21.121, 15354, 626, 7
2026/04/21 14:33:22.121, 15354, 626, 6
2026/04/21 14:33:23.122, 15354, 626, 7
2026/04/21 14:33:24.123, 15354, 626, 6
2026/04/21 14:33:25.123, 15354, 626, 7
2026/04/21 14:33:26.124, 15354, 626, 6
2026/04/21 14:33:27.125, 15354, 626, 6
2026/04/21 14:33:28.126, 15354, 626, 6
2026/04/21 14:33:29.128, 15354, 626, 8
2026/04/21 14:33:30.154, 15354, 626, 8
2026/04/21 14:33:31.175, 15354, 626, 6
2026/04/21 14:33:32.200, 15354, 626, 8
2026/04/21 14:33:33.214, 15354, 626, 8
2026/04/21 14:33:34.225, 15355, 625, 13
2026/04/21 14:33:35.226, 15355, 625, 9
2026/04/21 14:33:36.235, 15344, 636, 9
2026/04/21 14:33:37.239, 15375, 605, 19
2026/04/21 14:33:38.240, 15374, 606, 7
2026/04/21 14:33:39.240, 15469, 511, 11
2026/04/21 14:33:40.241, 15452, 528, 9
2026/04/21 14:33:41.242, 15455, 525, 10
2026/04/21 14:33:42.243, 15455, 525, 9
2026/04/21 14:33:43.243, 15429, 551, 6
2026/04/21 14:33:44.253, 15421, 559, 20
2026/04/21 14:33:45.254, 15421, 559, 7
2026/04/21 14:33:46.260, 15420, 560, 10
2026/04/21 14:33:47.261, 15404, 576, 9
2026/04/21 14:33:48.262, 15404, 576, 9
2026/04/21 14:33:49.263, 15403, 577, 8
2026/04/21 14:33:50.265, 15406, 574, 7
2026/04/21 14:33:51.266, 15406, 574, 7
2026/04/21 14:33:52.267, 15406, 574, 7
2026/04/21 14:33:53.268, 15407, 573, 9
2026/04/21 14:33:54.269, 15378, 602, 17
2026/04/21 14:33:55.270, 15374, 606, 7
2026/04/21 14:33:56.271, 15374, 606, 3
2026/04/21 14:33:57.271, 15383, 597, 6
2026/04/21 14:33:58.272, 15383, 597, 11
2026/04/21 14:33:59.273, 15383, 597, 7
2026/04/21 14:34:00.275, 15383, 597, 4
2026/04/21 14:34:01.288, 15383, 597, 10
2026/04/21 14:34:02.332, 15383, 597, 7
2026/04/21 14:34:03.371, 15383, 597, 6
2026/04/21 14:34:04.396, 15383, 597, 7
2026/04/21 14:34:05.416, 15383, 597, 5
2026/04/21 14:34:06.432, 15383, 597, 7
2026/04/21 14:34:07.444, 15383, 597, 3
2026/04/21 14:34:08.455, 15383, 597, 6
2026/04/21 14:34:09.463, 15381, 599, 13
2026/04/21 14:34:10.471, 15385, 595, 13
2026/04/21 14:34:11.476, 15415, 565, 18
2026/04/21 14:34:12.479, 15416, 564, 6
2026/04/21 14:34:13.481, 15423, 557, 11
2026/04/21 14:34:14.482, 15419, 561, 6
2026/04/21 14:34:15.484, 15416, 564, 4
2026/04/21 14:34:16.484, 15416, 564, 6
2026/04/21 14:34:17.485, 15410, 570, 6
2026/04/21 14:34:18.486, 15370, 610, 10
2026/04/21 14:34:19.487, 15374, 606, 7
2026/04/21 14:34:20.490, 15373, 607, 9
2026/04/21 14:34:21.491, 15370, 610, 7
2026/04/21 14:34:22.492, 15370, 610, 6
2026/04/21 14:34:23.493, 15379, 601, 6
2026/04/21 14:34:24.494, 15379, 601, 2
2026/04/21 14:34:25.495, 15373, 607, 57
2026/04/21 14:34:26.496, 15380, 600, 51
2026/04/21 14:34:27.497, 15370, 610, 51
2026/04/21 14:34:28.497, 15385, 595, 54
2026/04/21 14:34:29.498, 15379, 601, 49
2026/04/21 14:34:30.499, 15376, 604, 12
2026/04/21 14:34:31.500, 15528, 452, 12
2026/04/21 14:34:32.500, 15501, 479, 11
2026/04/21 14:34:33.519, 15487, 493, 10
2026/04/21 14:34:34.556, 15418, 562, 8
2026/04/21 14:34:35.587, 15418, 562, 5
2026/04/21 14:34:36.617, 15418, 562, 4
2026/04/21 14:34:37.641, 15418, 562, 7
2026/04/21 14:34:38.657, 15416, 564, 5
2026/04/21 14:34:39.669, 15414, 566, 6
2026/04/21 14:34:40.679, 15417, 563, 6
2026/04/21 14:34:41.686, 15417, 563, 4
2026/04/21 14:34:42.691, 15414, 566, 3
2026/04/21 14:34:43.695, 15407, 573, 7
2026/04/21 14:34:44.697, 15408, 572, 7
2026/04/21 14:34:45.698, 15407, 573, 4
2026/04/21 14:34:46.698, 15405, 575, 4
2026/04/21 14:34:47.699, 15389, 591, 4
2026/04/21 14:34:48.701, 15387, 593, 8
2026/04/21 14:34:49.702, 15387, 593, 5
2026/04/21 14:34:50.703, 15390, 590, 7
2026/04/21 14:34:51.704, 15390, 590, 7
2026/04/21 14:34:52.705, 15390, 590, 6
2026/04/21 14:34:53.706, 15390, 590, 4
2026/04/21 14:34:54.707, 15390, 590, 0
2026/04/21 14:34:55.707, 15390, 590, 54
2026/04/21 14:34:56.708, 15414, 566, 44
2026/04/21 14:34:57.709, 15411, 569, 5
2026/04/21 14:34:58.710, 15411, 569, 5
2026/04/21 14:34:59.710, 15410, 570, 7
2026/04/21 14:35:00.711, 15410, 570, 7
2026/04/21 14:35:01.712, 15401, 579, 8
2026/04/21 14:35:02.713, 15393, 587, 6
2026/04/21 14:35:03.716, 15411, 569, 6
2026/04/21 14:35:04.717, 15411, 569, 7
2026/04/21 14:35:05.718, 15412, 568, 5
2026/04/21 14:35:06.742, 15393, 587, 10
2026/04/21 14:35:07.775, 15393, 587, 6
2026/04/21 14:35:08.802, 15391, 589, 15
2026/04/21 14:35:09.824, 15377, 603, 10
2026/04/21 14:35:10.843, 15377, 603, 7
2026/04/21 14:35:11.859, 15372, 608, 12
2026/04/21 14:35:12.870, 15372, 608, 7
2026/04/21 14:35:13.879, 15369, 611, 6
2026/04/21 14:35:14.887, 15373, 607, 13
2026/04/21 14:35:15.892, 15373, 607, 13
2026/04/21 14:35:16.895, 15379, 601, 7
2026/04/21 14:35:17.897, 15377, 603, 8
2026/04/21 14:35:18.901, 15377, 603, 6
2026/04/21 14:35:19.902, 15377, 603, 7
2026/04/21 14:35:20.903, 15376, 604, 7
2026/04/21 14:35:21.904, 15376, 604, 7
2026/04/21 14:35:22.905, 15376, 604, 7
2026/04/21 14:35:23.906, 15376, 604, 7
2026/04/21 14:35:24.907, 15375, 605, 7
2026/04/21 14:35:25.908, 15375, 605, 6
2026/04/21 14:35:26.909, 15375, 605, 6
2026/04/21 14:35:27.910, 15375, 605, 0
2026/04/21 14:35:28.910, 15375, 605, 47
2026/04/21 14:35:29.911, 15375, 605, 51
2026/04/21 14:35:30.911, 15375, 605, 5
2026/04/21 14:35:31.913, 15375, 605, 3
2026/04/21 14:35:32.914, 15375, 605, 7
2026/04/21 14:35:33.915, 15375, 605, 5
2026/04/21 14:35:34.915, 15375, 605, 6
2026/04/21 14:35:35.916, 15375, 605, 6
2026/04/21 14:35:36.917, 15375, 605, 6
2026/04/21 14:35:37.922, 15375, 605, 7
2026/04/21 14:35:38.951, 15375, 605, 6
2026/04/21 14:35:39.979, 15375, 605, 6
2026/04/21 14:35:41.009, 15375, 605, 3
2026/04/21 14:35:42.028, 15375, 605, 6
2026/04/21 14:35:43.043, 15375, 605, 6
2026/04/21 14:35:44.055, 15375, 605, 5
2026/04/21 14:35:45.065, 15375, 605, 6
2026/04/21 14:35:46.072, 15375, 605, 6
2026/04/21 14:35:47.077, 15375, 605, 6
2026/04/21 14:35:48.081, 15375, 605, 6
2026/04/21 14:35:49.086, 15375, 605, 7
2026/04/21 14:35:50.088, 15375, 605, 7
2026/04/21 14:35:51.092, 15375, 605, 7
2026/04/21 14:35:52.093, 15375, 605, 6
2026/04/21 14:35:53.097, 15375, 605, 7
2026/04/21 14:35:54.098, 15375, 605, 6
2026/04/21 14:35:55.099, 15375, 605, 7
2026/04/21 14:35:56.107, 15375, 605, 6
2026/04/21 14:35:57.108, 15375, 605, 6
2026/04/21 14:35:58.109, 15375, 605, 4
2026/04/21 14:35:59.110, 15375, 605, 6
2026/04/21 14:36:00.111, 15375, 605, 4
2026/04/21 14:36:01.112, 15375, 605, 6
2026/04/21 14:36:02.112, 15375, 605, 7
2026/04/21 14:36:03.113, 15375, 605, 6
2026/04/21 14:36:04.114, 15375, 605, 4
2026/04/21 14:36:05.115, 15375, 605, 6
2026/04/21 14:36:06.116, 15375, 605, 6
2026/04/21 14:36:07.117, 15375, 605, 3
2026/04/21 14:36:08.118, 15375, 605, 3
2026/04/21 14:36:09.123, 15375, 605, 6
2026/04/21 14:36:10.124, 15375, 605, 7
2026/04/21 14:36:11.157, 15375, 605, 7
2026/04/21 14:36:12.185, 15375, 605, 4
2026/04/21 14:36:13.209, 15375, 605, 3
2026/04/21 14:36:14.228, 15375, 605, 6
2026/04/21 14:36:15.244, 15375, 605, 6
2026/04/21 14:36:16.256, 15646, 334, 2
2026/04/21 14:36:17.266, 2223, 13757, 0
2026/04/21 14:36:18.274, 2223, 13757, 0
2026/04/21 14:36:19.278, 2223, 13757, 0
2026/04/21 14:36:20.282, 2743, 13237, 2
2026/04/21 14:36:21.284, 2743, 13237, 0
2026/04/21 14:36:22.285, 2743, 13237, 0
2026/04/21 14:36:23.285, 2743, 13237, 0
2026/04/21 14:36:24.286, 2743, 13237, 0
2026/04/21 14:36:25.286, 2743, 13237, 0
