2026/04/21 02:29:20.576, 15718, 262, 35
2026/04/21 02:29:21.578, 15718, 262, 0
2026/04/21 02:29:22.580, 15718, 262, 0
2026/04/21 02:29:23.581, 15797, 183, 1
2026/04/21 02:29:24.582, 5778, 10202, 0
2026/04/21 02:29:25.582, 5778, 10202, 0
2026/04/21 02:29:28.425, 5778, 10202, 0
2026/04/21 02:29:29.426, 6312, 9668, 11
2026/04/21 02:29:30.426, 6312, 9668, 85
2026/04/21 02:29:31.430, 6312, 9668, 0
2026/04/21 02:29:32.430, 5822, 10158, 0
2026/04/21 02:29:33.431, 6014, 9966, 0
2026/04/21 02:29:34.431, 13492, 2488, 0
2026/04/21 02:29:35.432, 14960, 1020, 5
2026/04/21 02:29:36.432, 14962, 1018, 26
2026/04/21 02:29:37.433, 14962, 1018, 5
2026/04/21 02:29:38.433, 14962, 1018, 51
2026/04/21 02:29:39.436, 14962, 1018, 48
2026/04/21 02:29:40.436, 14962, 1018, 52
2026/04/21 02:29:41.437, 14962, 1018, 43
2026/04/21 02:29:42.437, 14962, 1018, 45
2026/04/21 02:29:43.437, 14962, 1018, 47
2026/04/21 02:29:44.438, 14962, 1018, 50
2026/04/21 02:29:45.438, 14962, 1018, 49
2026/04/21 02:29:46.439, 14962, 1018, 46
2026/04/21 02:29:47.440, 14962, 1018, 58
2026/04/21 02:29:48.441, 14962, 1018, 47
2026/04/21 02:29:49.441, 14962, 1018, 50
2026/04/21 02:29:50.442, 14962, 1018, 51
2026/04/21 02:29:51.442, 14962, 1018, 57
2026/04/21 02:29:52.442, 14962, 1018, 50
2026/04/21 02:29:53.443, 14962, 1018, 45
2026/04/21 02:29:54.444, 14962, 1018, 46
2026/04/21 02:29:55.444, 14962, 1018, 51
2026/04/21 02:29:56.445, 14962, 1018, 46
2026/04/21 02:29:57.445, 14962, 1018, 50
2026/04/21 02:29:58.446, 14962, 1018, 48
2026/04/21 02:29:59.446, 14962, 1018, 54
2026/04/21 02:30:02.201, 14994, 986, 51
2026/04/21 02:30:03.202, 14994, 986, 49
2026/04/21 02:30:04.202, 14994, 986, 51
2026/04/21 02:30:05.203, 14994, 986, 60
2026/04/21 02:30:06.204, 14994, 986, 51
2026/04/21 02:30:07.205, 14994, 986, 47
2026/04/21 02:30:08.205, 14994, 986, 46
2026/04/21 02:30:09.206, 14994, 986, 50
2026/04/21 02:30:10.206, 14994, 986, 44
2026/04/21 02:30:11.207, 14994, 986, 50
2026/04/21 02:30:12.210, 14994, 986, 49
2026/04/21 02:30:13.211, 14994, 986, 43
2026/04/21 02:30:14.211, 14996, 984, 2
2026/04/21 02:30:15.212, 14996, 984, 2
2026/04/21 02:30:16.212, 14996, 984, 3
2026/04/21 02:30:17.213, 14996, 984, 3
2026/04/21 02:30:18.214, 14996, 984, 3
2026/04/21 02:30:19.214, 14996, 984, 3
2026/04/21 02:30:20.215, 14996, 984, 3
2026/04/21 02:30:21.216, 14996, 984, 47
2026/04/21 02:30:22.217, 14996, 984, 51
2026/04/21 02:30:23.217, 14996, 984, 37
2026/04/21 02:30:24.218, 14996, 984, 48
2026/04/21 02:30:25.218, 14996, 984, 46
2026/04/21 02:30:26.219, 14996, 984, 45
2026/04/21 02:30:27.219, 14996, 984, 48
2026/04/21 02:30:28.220, 14996, 984, 35
2026/04/21 02:30:29.220, 14996, 984, 52
2026/04/21 02:30:30.221, 14998, 982, 9
2026/04/21 02:30:31.221, 14998, 982, 3
2026/04/21 02:30:32.222, 14998, 982, 4
2026/04/21 02:30:33.223, 14998, 982, 4
2026/04/21 02:30:36.018, 14998, 982, 2
2026/04/21 02:30:37.022, 14998, 982, 4
2026/04/21 02:30:38.022, 14998, 982, 2
2026/04/21 02:30:39.023, 14998, 982, 4
2026/04/21 02:30:40.024, 14998, 982, 2
2026/04/21 02:30:41.024, 14998, 982, 44
2026/04/21 02:30:42.025, 14998, 982, 50
2026/04/21 02:30:43.025, 14998, 982, 37
2026/04/21 02:30:44.026, 14998, 982, 50
2026/04/21 02:30:45.027, 14998, 982, 48
2026/04/21 02:30:46.028, 14998, 982, 48
2026/04/21 02:30:47.028, 14998, 982, 42
2026/04/21 02:30:48.029, 14998, 982, 3
2026/04/21 02:30:49.030, 14998, 982, 3
2026/04/21 02:30:50.030, 14998, 982, 4
2026/04/21 02:30:51.031, 14998, 982, 4
2026/04/21 02:30:52.031, 14998, 982, 4
2026/04/21 02:30:53.032, 14998, 982, 4
2026/04/21 02:30:54.033, 14998, 982, 4
2026/04/21 02:30:55.036, 14998, 982, 2
2026/04/21 02:30:56.037, 14998, 982, 2
2026/04/21 02:30:57.038, 14998, 982, 2
2026/04/21 02:30:58.038, 14998, 982, 2
2026/04/21 02:30:59.039, 14998, 982, 4
2026/04/21 02:31:00.040, 14998, 982, 4
2026/04/21 02:31:01.041, 14998, 982, 4
2026/04/21 02:31:02.041, 14998, 982, 4
2026/04/21 02:31:03.042, 14998, 982, 2
2026/04/21 02:31:04.042, 14998, 982, 0
2026/04/21 02:31:05.043, 14998, 982, 48
2026/04/21 02:31:06.046, 14998, 982, 51
2026/04/21 02:31:07.046, 14998, 982, 51
2026/04/21 02:31:08.047, 14998, 982, 45
2026/04/21 02:31:10.980, 14998, 982, 49
2026/04/21 02:31:11.986, 14998, 982, 50
2026/04/21 02:31:12.990, 14998, 982, 51
2026/04/21 02:31:13.993, 14998, 982, 45
2026/04/21 02:31:14.997, 14998, 982, 50
2026/04/21 02:31:16.001, 14998, 982, 50
2026/04/21 02:31:17.001, 14998, 982, 49
2026/04/21 02:31:18.002, 14998, 982, 51
2026/04/21 02:31:19.003, 14998, 982, 50
2026/04/21 02:31:20.003, 14998, 982, 45
2026/04/21 02:31:21.004, 14998, 982, 50
2026/04/21 02:31:22.004, 14998, 982, 50
2026/04/21 02:31:23.006, 14998, 982, 59
2026/04/21 02:31:24.007, 14998, 982, 49
2026/04/21 02:31:25.007, 14998, 982, 50
2026/04/21 02:31:26.008, 14998, 982, 51
2026/04/21 02:31:27.008, 14998, 982, 3
2026/04/21 02:31:28.009, 14998, 982, 2
2026/04/21 02:31:29.009, 14998, 982, 2
2026/04/21 02:31:30.010, 14998, 982, 4
2026/04/21 02:31:31.010, 14998, 982, 4
2026/04/21 02:31:32.011, 14998, 982, 4
2026/04/21 02:31:33.012, 14998, 982, 4
2026/04/21 02:31:34.012, 14998, 982, 2
2026/04/21 02:31:35.013, 14998, 982, 4
2026/04/21 02:31:36.016, 14998, 982, 2
2026/04/21 02:31:37.017, 14998, 982, 4
2026/04/21 02:31:38.017, 14998, 982, 4
2026/04/21 02:31:39.018, 14998, 982, 3
2026/04/21 02:31:40.019, 14998, 982, 2
2026/04/21 02:31:41.020, 14998, 982, 4
2026/04/21 02:31:42.020, 14998, 982, 2
2026/04/21 02:31:44.914, 14998, 982, 2
2026/04/21 02:31:45.914, 14998, 982, 4
2026/04/21 02:31:46.915, 14998, 982, 4
2026/04/21 02:31:47.916, 14998, 982, 2
2026/04/21 02:31:48.917, 14998, 982, 2
2026/04/21 02:31:49.920, 14998, 982, 2
2026/04/21 02:31:50.923, 14998, 982, 2
2026/04/21 02:31:51.924, 14998, 982, 2
2026/04/21 02:31:52.925, 14998, 982, 4
2026/04/21 02:31:53.925, 14998, 982, 2
2026/04/21 02:31:54.926, 14998, 982, 2
2026/04/21 02:31:55.927, 14998, 982, 2
2026/04/21 02:31:56.927, 14998, 982, 2
2026/04/21 02:31:57.928, 14998, 982, 2
2026/04/21 02:31:58.929, 14998, 982, 2
2026/04/21 02:31:59.929, 14998, 982, 4
2026/04/21 02:32:00.930, 14998, 982, 2
2026/04/21 02:32:01.931, 14998, 982, 2
2026/04/21 02:32:02.931, 14998, 982, 4
2026/04/21 02:32:03.932, 14998, 982, 2
2026/04/21 02:32:04.933, 14998, 982, 2
2026/04/21 02:32:05.934, 14998, 982, 2
2026/04/21 02:32:06.935, 14998, 982, 1
2026/04/21 02:32:07.935, 14998, 982, 4
2026/04/21 02:32:08.936, 14998, 982, 4
2026/04/21 02:32:09.937, 14998, 982, 2
2026/04/21 02:32:10.937, 14998, 982, 2
2026/04/21 02:32:11.938, 14998, 982, 4
2026/04/21 02:32:12.939, 14998, 982, 4
2026/04/21 02:32:13.940, 14998, 982, 3
2026/04/21 02:32:14.940, 14998, 982, 4
2026/04/21 02:32:15.941, 14998, 982, 2
2026/04/21 02:32:18.930, 14998, 982, 2
2026/04/21 02:32:19.949, 14998, 982, 2
2026/04/21 02:32:20.968, 14998, 982, 3
2026/04/21 02:32:21.987, 14998, 982, 2
2026/04/21 02:32:22.988, 14998, 982, 2
2026/04/21 02:32:23.989, 14998, 982, 3
2026/04/21 02:32:24.989, 14998, 982, 3
2026/04/21 02:32:25.990, 14998, 982, 5
2026/04/21 02:32:26.991, 14998, 982, 2
2026/04/21 02:32:27.993, 14998, 982, 4
2026/04/21 02:32:28.995, 14998, 982, 2
2026/04/21 02:32:29.996, 14998, 982, 2
2026/04/21 02:32:30.996, 14998, 982, 2
2026/04/21 02:32:31.997, 14998, 982, 2
2026/04/21 02:32:32.998, 14998, 982, 4
2026/04/21 02:32:33.999, 14998, 982, 4
2026/04/21 02:32:35.000, 14998, 982, 4
2026/04/21 02:32:36.001, 14998, 982, 2
2026/04/21 02:32:37.002, 14998, 982, 3
2026/04/21 02:32:38.003, 14998, 982, 2
2026/04/21 02:32:39.005, 14998, 982, 2
2026/04/21 02:32:40.006, 14998, 982, 4
2026/04/21 02:32:41.010, 14998, 982, 4
2026/04/21 02:32:42.011, 14998, 982, 2
2026/04/21 02:32:43.011, 14998, 982, 2
2026/04/21 02:32:44.012, 14998, 982, 4
2026/04/21 02:32:45.013, 14998, 982, 2
2026/04/21 02:32:46.014, 14998, 982, 2
2026/04/21 02:32:47.015, 14998, 982, 2
2026/04/21 02:32:48.016, 14998, 982, 2
2026/04/21 02:32:49.017, 14998, 982, 2
2026/04/21 02:32:50.018, 14998, 982, 4
2026/04/21 02:32:52.990, 14998, 982, 2
2026/04/21 02:32:54.001, 14998, 982, 2
2026/04/21 02:32:55.012, 14998, 982, 2
2026/04/21 02:32:56.022, 14998, 982, 4
2026/04/21 02:32:57.025, 14998, 982, 3
2026/04/21 02:32:58.026, 14998, 982, 4
2026/04/21 02:32:59.028, 14998, 982, 4
2026/04/21 02:33:00.029, 14998, 982, 2
2026/04/21 02:33:01.030, 14998, 982, 2
2026/04/21 02:33:02.030, 14998, 982, 4
2026/04/21 02:33:03.031, 14998, 982, 4
2026/04/21 02:33:04.032, 14998, 982, 3
2026/04/21 02:33:05.033, 14998, 982, 2
2026/04/21 02:33:06.034, 14998, 982, 2
2026/04/21 02:33:07.035, 14998, 982, 2
2026/04/21 02:33:08.036, 14998, 982, 2
2026/04/21 02:33:09.036, 14998, 982, 4
2026/04/21 02:33:10.038, 14998, 982, 4
2026/04/21 02:33:11.039, 14998, 982, 2
2026/04/21 02:33:12.039, 14998, 982, 2
2026/04/21 02:33:13.040, 14998, 982, 3
2026/04/21 02:33:14.041, 14998, 982, 2
2026/04/21 02:33:15.042, 14998, 982, 2
2026/04/21 02:33:16.045, 14998, 982, 4
2026/04/21 02:33:17.046, 14998, 982, 2
2026/04/21 02:33:18.047, 14998, 982, 4
2026/04/21 02:33:19.048, 14998, 982, 2
2026/04/21 02:33:20.049, 14998, 982, 4
2026/04/21 02:33:21.050, 14998, 982, 2
2026/04/21 02:33:22.051, 14998, 982, 2
2026/04/21 02:33:23.052, 14998, 982, 2
2026/04/21 02:33:24.053, 14998, 982, 4
2026/04/21 02:33:27.180, 14998, 982, 2
2026/04/21 02:33:28.180, 14998, 982, 2
2026/04/21 02:33:29.181, 14998, 982, 2
2026/04/21 02:33:30.182, 14998, 982, 4
2026/04/21 02:33:31.183, 14998, 982, 3
2026/04/21 02:33:32.184, 14998, 982, 4
2026/04/21 02:33:33.186, 14998, 982, 2
2026/04/21 02:33:34.187, 14998, 982, 4
2026/04/21 02:33:35.188, 14998, 982, 2
2026/04/21 02:33:36.189, 14998, 982, 4
2026/04/21 02:33:37.190, 14998, 982, 2
2026/04/21 02:33:38.191, 14998, 982, 2
2026/04/21 02:33:39.192, 14998, 982, 2
2026/04/21 02:33:40.193, 14998, 982, 4
2026/04/21 02:33:41.194, 14998, 982, 2
2026/04/21 02:33:42.194, 14998, 982, 2
2026/04/21 02:33:43.197, 14998, 982, 2
2026/04/21 02:33:44.197, 14998, 982, 4
2026/04/21 02:33:45.198, 14998, 982, 4
2026/04/21 02:33:46.199, 14998, 982, 2
2026/04/21 02:33:47.200, 14998, 982, 4
2026/04/21 02:33:48.202, 14998, 982, 2
2026/04/21 02:33:49.202, 14998, 982, 2
2026/04/21 02:33:50.203, 14998, 982, 2
2026/04/21 02:33:51.204, 14998, 982, 2
2026/04/21 02:33:52.205, 14998, 982, 2
2026/04/21 02:33:53.206, 14998, 982, 2
2026/04/21 02:33:54.207, 14998, 982, 2
2026/04/21 02:33:55.208, 14998, 982, 3
2026/04/21 02:33:56.209, 14998, 982, 2
2026/04/21 02:33:57.210, 14998, 982, 4
2026/04/21 02:33:58.211, 14998, 982, 4
2026/04/21 02:33:59.212, 14998, 982, 2
2026/04/21 02:34:02.356, 14998, 982, 4
2026/04/21 02:34:03.365, 14998, 982, 4
2026/04/21 02:34:04.374, 14998, 982, 2
2026/04/21 02:34:05.384, 14998, 982, 4
2026/04/21 02:34:06.385, 14998, 982, 2
2026/04/21 02:34:07.386, 14998, 982, 4
2026/04/21 02:34:08.387, 14998, 982, 2
2026/04/21 02:34:09.388, 14998, 982, 2
2026/04/21 02:34:10.390, 14998, 982, 2
2026/04/21 02:34:11.391, 14998, 982, 3
2026/04/21 02:34:12.392, 14998, 982, 4
2026/04/21 02:34:13.393, 14998, 982, 2
2026/04/21 02:34:14.398, 14998, 982, 4
2026/04/21 02:34:15.399, 14998, 982, 4
2026/04/21 02:34:16.400, 14998, 982, 4
2026/04/21 02:34:17.401, 14998, 982, 4
2026/04/21 02:34:18.401, 14998, 982, 4
2026/04/21 02:34:19.403, 14998, 982, 2
2026/04/21 02:34:20.404, 14998, 982, 2
2026/04/21 02:34:21.405, 14998, 982, 2
2026/04/21 02:34:22.406, 14998, 982, 2
2026/04/21 02:34:23.409, 14998, 982, 2
2026/04/21 02:34:24.409, 14998, 982, 4
2026/04/21 02:34:25.410, 14998, 982, 4
2026/04/21 02:34:26.411, 14998, 982, 4
2026/04/21 02:34:27.412, 14998, 982, 4
2026/04/21 02:34:28.413, 14998, 982, 2
2026/04/21 02:34:29.414, 14998, 982, 2
2026/04/21 02:34:30.415, 14998, 982, 4
2026/04/21 02:34:31.416, 14998, 982, 4
2026/04/21 02:34:32.423, 14998, 982, 4
2026/04/21 02:34:33.424, 14998, 982, 4
2026/04/21 02:34:36.411, 14998, 982, 4
2026/04/21 02:34:37.412, 14998, 982, 4
2026/04/21 02:34:38.413, 14998, 982, 2
2026/04/21 02:34:39.414, 14998, 982, 4
2026/04/21 02:34:40.416, 14998, 982, 2
2026/04/21 02:34:41.416, 14998, 982, 2
2026/04/21 02:34:42.417, 14998, 982, 4
2026/04/21 02:34:43.418, 15021, 959, 3
2026/04/21 02:34:44.419, 15021, 959, 2
2026/04/21 02:34:45.419, 15021, 959, 2
2026/04/21 02:34:46.421, 15021, 959, 4
2026/04/21 02:34:47.421, 15021, 959, 2
2026/04/21 02:34:48.422, 15021, 959, 2
2026/04/21 02:34:49.423, 15021, 959, 2
2026/04/21 02:34:50.424, 15021, 959, 4
2026/04/21 02:34:51.425, 15021, 959, 2
2026/04/21 02:34:52.431, 15021, 959, 2
2026/04/21 02:34:53.431, 15021, 959, 4
2026/04/21 02:34:54.432, 15021, 959, 4
2026/04/21 02:34:55.433, 15021, 959, 4
2026/04/21 02:34:56.434, 15021, 959, 4
2026/04/21 02:34:57.435, 15021, 959, 4
2026/04/21 02:34:58.436, 15021, 959, 2
2026/04/21 02:34:59.437, 15021, 959, 4
2026/04/21 02:35:00.438, 15021, 959, 2
2026/04/21 02:35:01.439, 15021, 959, 2
2026/04/21 02:35:02.440, 15021, 959, 4
2026/04/21 02:35:03.441, 15021, 959, 4
2026/04/21 02:35:04.442, 15021, 959, 2
2026/04/21 02:35:05.443, 15021, 959, 4
2026/04/21 02:35:06.444, 15021, 959, 4
2026/04/21 02:35:07.448, 15021, 959, 2
2026/04/21 02:35:10.439, 15021, 959, 4
2026/04/21 02:35:11.440, 15021, 959, 4
2026/04/21 02:35:12.441, 15021, 959, 2
2026/04/21 02:35:13.442, 15021, 959, 3
2026/04/21 02:35:14.443, 15021, 959, 4
2026/04/21 02:35:15.443, 15021, 959, 2
2026/04/21 02:35:16.444, 15021, 959, 4
2026/04/21 02:35:17.445, 15021, 959, 4
2026/04/21 02:35:18.446, 15021, 959, 2
2026/04/21 02:35:19.447, 15021, 959, 2
2026/04/21 02:35:20.448, 15021, 959, 2
2026/04/21 02:35:21.448, 15021, 959, 2
2026/04/21 02:35:22.449, 15021, 959, 2
2026/04/21 02:35:23.450, 15021, 959, 2
2026/04/21 02:35:24.453, 15021, 959, 4
2026/04/21 02:35:25.454, 15021, 959, 2
2026/04/21 02:35:26.455, 15021, 959, 4
2026/04/21 02:35:27.456, 15021, 959, 2
2026/04/21 02:35:28.457, 15021, 959, 2
2026/04/21 02:35:29.458, 15021, 959, 4
2026/04/21 02:35:30.458, 15021, 959, 3
2026/04/21 02:35:31.459, 15021, 959, 4
2026/04/21 02:35:32.460, 15021, 959, 4
2026/04/21 02:35:33.461, 15021, 959, 2
2026/04/21 02:35:34.462, 15021, 959, 4
2026/04/21 02:35:35.463, 15021, 959, 2
2026/04/21 02:35:36.463, 15021, 959, 4
2026/04/21 02:35:37.464, 15021, 959, 2
2026/04/21 02:35:38.465, 15021, 959, 4
2026/04/21 02:35:39.466, 15021, 959, 2
2026/04/21 02:35:40.467, 15021, 959, 2
2026/04/21 02:35:41.468, 15021, 959, 4
2026/04/21 02:35:44.480, 15021, 959, 4
2026/04/21 02:35:45.485, 15021, 959, 2
2026/04/21 02:35:46.487, 15021, 959, 3
2026/04/21 02:35:47.488, 15021, 959, 2
2026/04/21 02:35:48.489, 15021, 959, 2
2026/04/21 02:35:49.489, 15021, 959, 2
2026/04/21 02:35:50.490, 15021, 959, 2
2026/04/21 02:35:51.491, 15021, 959, 4
2026/04/21 02:35:52.492, 15021, 959, 2
2026/04/21 02:35:53.493, 15021, 959, 4
2026/04/21 02:35:54.494, 15021, 959, 2
2026/04/21 02:35:55.495, 15021, 959, 2
2026/04/21 02:35:56.495, 15021, 959, 2
2026/04/21 02:35:57.496, 15021, 959, 4
2026/04/21 02:35:58.497, 15021, 959, 4
2026/04/21 02:35:59.498, 15021, 959, 4
2026/04/21 02:36:00.499, 15021, 959, 5
2026/04/21 02:36:01.500, 15021, 959, 2
2026/04/21 02:36:02.500, 15021, 959, 4
2026/04/21 02:36:03.501, 15021, 959, 2
2026/04/21 02:36:04.503, 15021, 959, 2
2026/04/21 02:36:05.504, 15021, 959, 4
2026/04/21 02:36:06.504, 15021, 959, 3
2026/04/21 02:36:07.505, 15021, 959, 2
2026/04/21 02:36:08.506, 15021, 959, 2
2026/04/21 02:36:09.509, 15021, 959, 4
2026/04/21 02:36:10.510, 15021, 959, 4
2026/04/21 02:36:11.511, 15021, 959, 2
2026/04/21 02:36:12.512, 15021, 959, 2
2026/04/21 02:36:13.514, 15021, 959, 4
2026/04/21 02:36:14.515, 15021, 959, 2
2026/04/21 02:36:15.516, 15021, 959, 2
2026/04/21 02:36:18.501, 15021, 959, 4
2026/04/21 02:36:19.510, 15021, 959, 4
2026/04/21 02:36:20.511, 15021, 959, 2
2026/04/21 02:36:21.512, 15021, 959, 2
2026/04/21 02:36:22.513, 15021, 959, 4
2026/04/21 02:36:23.514, 15021, 959, 2
2026/04/21 02:36:24.515, 15021, 959, 4
2026/04/21 02:36:25.516, 15021, 959, 2
2026/04/21 02:36:26.517, 15021, 959, 2
2026/04/21 02:36:27.518, 15021, 959, 4
2026/04/21 02:36:28.519, 15021, 959, 4
2026/04/21 02:36:29.520, 15021, 959, 2
2026/04/21 02:36:30.521, 15021, 959, 2
2026/04/21 02:36:31.525, 15021, 959, 3
2026/04/21 02:36:32.526, 15021, 959, 2
2026/04/21 02:36:33.527, 15021, 959, 3
2026/04/21 02:36:34.528, 15021, 959, 2
2026/04/21 02:36:35.530, 15021, 959, 4
2026/04/21 02:36:36.531, 15021, 959, 4
2026/04/21 02:36:37.532, 15021, 959, 4
2026/04/21 02:36:38.533, 15021, 959, 4
2026/04/21 02:36:39.534, 15021, 959, 2
2026/04/21 02:36:40.535, 15021, 959, 4
2026/04/21 02:36:41.536, 15021, 959, 2
2026/04/21 02:36:42.538, 15021, 959, 4
2026/04/21 02:36:43.539, 15021, 959, 2
2026/04/21 02:36:44.540, 15021, 959, 2
2026/04/21 02:36:45.541, 15021, 959, 4
2026/04/21 02:36:46.542, 15021, 959, 3
2026/04/21 02:36:47.542, 15021, 959, 2
2026/04/21 02:36:48.544, 15021, 959, 4
2026/04/21 02:36:49.544, 15021, 959, 2
2026/04/21 02:36:50.545, 15021, 959, 3
2026/04/21 02:36:53.444, 15021, 959, 3
2026/04/21 02:36:54.445, 15021, 959, 4
2026/04/21 02:36:55.446, 15021, 959, 4
2026/04/21 02:36:56.446, 15021, 959, 4
2026/04/21 02:36:57.447, 15021, 959, 4
2026/04/21 02:36:58.448, 15021, 959, 2
2026/04/21 02:36:59.449, 15021, 959, 4
2026/04/21 02:37:00.450, 15021, 959, 4
2026/04/21 02:37:01.451, 15021, 959, 3
2026/04/21 02:37:02.451, 15021, 959, 4
2026/04/21 02:37:03.453, 15021, 959, 4
2026/04/21 02:37:04.453, 15021, 959, 4
2026/04/21 02:37:05.454, 15021, 959, 3
2026/04/21 02:37:06.455, 15021, 959, 4
2026/04/21 02:37:07.456, 15021, 959, 3
2026/04/21 02:37:08.458, 15021, 959, 4
2026/04/21 02:37:09.459, 15021, 959, 2
2026/04/21 02:37:10.460, 15021, 959, 4
2026/04/21 02:37:11.462, 15021, 959, 2
2026/04/21 02:37:12.463, 15021, 959, 2
2026/04/21 02:37:13.464, 15021, 959, 2
2026/04/21 02:37:14.465, 15021, 959, 3
2026/04/21 02:37:15.466, 15021, 959, 4
2026/04/21 02:37:16.467, 15021, 959, 2
2026/04/21 02:37:17.468, 15021, 959, 2
2026/04/21 02:37:18.468, 15021, 959, 2
2026/04/21 02:37:19.469, 15021, 959, 2
2026/04/21 02:37:20.470, 15021, 959, 4
2026/04/21 02:37:21.471, 15021, 959, 4
2026/04/21 02:37:22.472, 15021, 959, 3
2026/04/21 02:37:23.478, 15021, 959, 4
2026/04/21 02:37:24.492, 15021, 959, 4
2026/04/21 02:37:27.448, 15021, 959, 2
2026/04/21 02:37:28.451, 15021, 959, 2
2026/04/21 02:37:29.452, 15021, 959, 2
2026/04/21 02:37:30.453, 15021, 959, 4
2026/04/21 02:37:31.454, 15021, 959, 4
2026/04/21 02:37:32.455, 15021, 959, 2
2026/04/21 02:37:33.455, 15021, 959, 2
2026/04/21 02:37:34.457, 15021, 959, 4
2026/04/21 02:37:35.458, 15021, 959, 4
2026/04/21 02:37:36.459, 15021, 959, 2
2026/04/21 02:37:37.460, 15021, 959, 4
2026/04/21 02:37:38.461, 15021, 959, 2
2026/04/21 02:37:39.461, 15021, 959, 4
2026/04/21 02:37:40.462, 15021, 959, 2
2026/04/21 02:37:41.463, 15021, 959, 2
2026/04/21 02:37:42.464, 15021, 959, 4
2026/04/21 02:37:43.465, 15021, 959, 4
2026/04/21 02:37:44.466, 15021, 959, 2
2026/04/21 02:37:45.467, 15021, 959, 4
2026/04/21 02:37:46.468, 15021, 959, 4
2026/04/21 02:37:47.469, 15021, 959, 3
2026/04/21 02:37:48.470, 15021, 959, 4
2026/04/21 02:37:49.471, 15021, 959, 4
2026/04/21 02:37:50.473, 15021, 959, 2
2026/04/21 02:37:51.474, 15021, 959, 2
2026/04/21 02:37:52.475, 15021, 959, 2
2026/04/21 02:37:53.476, 15021, 959, 2
2026/04/21 02:37:54.477, 15021, 959, 2
2026/04/21 02:37:55.478, 15021, 959, 4
2026/04/21 02:37:56.481, 15021, 959, 2
2026/04/21 02:37:57.495, 15021, 959, 4
2026/04/21 02:37:58.518, 15021, 959, 4
2026/04/21 02:38:01.481, 15021, 959, 2
2026/04/21 02:38:02.483, 15021, 959, 2
2026/04/21 02:38:03.483, 15021, 959, 2
2026/04/21 02:38:04.484, 15021, 959, 4
2026/04/21 02:38:05.485, 15021, 959, 2
2026/04/21 02:38:06.486, 15021, 959, 2
2026/04/21 02:38:07.487, 15021, 959, 2
2026/04/21 02:38:08.488, 15021, 959, 2
2026/04/21 02:38:09.489, 15021, 959, 2
2026/04/21 02:38:10.490, 15021, 959, 2
2026/04/21 02:38:11.491, 15021, 959, 2
2026/04/21 02:38:12.492, 15021, 959, 4
2026/04/21 02:38:13.493, 15021, 959, 2
2026/04/21 02:38:14.494, 15021, 959, 4
2026/04/21 02:38:15.495, 15021, 959, 3
2026/04/21 02:38:16.495, 15021, 959, 4
2026/04/21 02:38:17.496, 15021, 959, 2
2026/04/21 02:38:18.499, 15021, 959, 2
2026/04/21 02:38:19.500, 15021, 959, 4
2026/04/21 02:38:20.501, 15021, 959, 2
2026/04/21 02:38:21.502, 15021, 959, 2
2026/04/21 02:38:22.503, 15021, 959, 2
2026/04/21 02:38:23.504, 15021, 959, 4
2026/04/21 02:38:24.505, 15021, 959, 2
2026/04/21 02:38:25.506, 15021, 959, 2
2026/04/21 02:38:26.507, 15021, 959, 2
2026/04/21 02:38:27.508, 15021, 959, 2
2026/04/21 02:38:28.509, 15021, 959, 2
2026/04/21 02:38:29.510, 15021, 959, 2
2026/04/21 02:38:30.511, 15021, 959, 2
2026/04/21 02:38:31.534, 15021, 959, 2
2026/04/21 02:38:32.564, 15021, 959, 3
2026/04/21 02:38:35.483, 15021, 959, 2
2026/04/21 02:38:36.502, 15021, 959, 2
2026/04/21 02:38:37.502, 15021, 959, 2
2026/04/21 02:38:38.504, 15021, 959, 2
2026/04/21 02:38:39.505, 15021, 959, 3
2026/04/21 02:38:40.506, 15021, 959, 4
2026/04/21 02:38:41.507, 15021, 959, 4
2026/04/21 02:38:42.508, 15021, 959, 2
2026/04/21 02:38:43.509, 15021, 959, 4
2026/04/21 02:38:44.510, 15021, 959, 2
2026/04/21 02:38:45.511, 15021, 959, 2
2026/04/21 02:38:46.512, 15021, 959, 2
2026/04/21 02:38:47.513, 15021, 959, 4
2026/04/21 02:38:48.514, 15021, 959, 4
2026/04/21 02:38:49.515, 15021, 959, 2
2026/04/21 02:38:50.516, 15021, 959, 2
2026/04/21 02:38:51.517, 15021, 959, 4
2026/04/21 02:38:52.517, 15021, 959, 2
2026/04/21 02:38:53.518, 15021, 959, 3
2026/04/21 02:38:54.521, 15021, 959, 4
2026/04/21 02:38:55.522, 15021, 959, 4
2026/04/21 02:38:56.523, 15021, 959, 2
2026/04/21 02:38:57.524, 15021, 959, 4
2026/04/21 02:38:58.525, 15021, 959, 2
2026/04/21 02:38:59.527, 15021, 959, 2
2026/04/21 02:39:00.528, 15021, 959, 2
2026/04/21 02:39:01.530, 15021, 959, 2
2026/04/21 02:39:02.531, 15021, 959, 2
2026/04/21 02:39:03.532, 15021, 959, 3
2026/04/21 02:39:04.532, 15021, 959, 4
2026/04/21 02:39:05.533, 15021, 959, 4
2026/04/21 02:39:06.534, 15021, 959, 4
2026/04/21 02:39:09.523, 15021, 959, 2
2026/04/21 02:39:10.524, 15021, 959, 4
2026/04/21 02:39:11.525, 15021, 959, 4
2026/04/21 02:39:12.526, 15021, 959, 2
2026/04/21 02:39:13.527, 15021, 959, 2
2026/04/21 02:39:14.528, 15021, 959, 2
2026/04/21 02:39:15.529, 15021, 959, 2
2026/04/21 02:39:16.530, 15021, 959, 2
2026/04/21 02:39:17.531, 15021, 959, 4
2026/04/21 02:39:18.532, 15021, 959, 2
2026/04/21 02:39:19.533, 15021, 959, 4
2026/04/21 02:39:20.534, 15021, 959, 2
2026/04/21 02:39:21.535, 15021, 959, 2
2026/04/21 02:39:22.536, 15021, 959, 4
2026/04/21 02:39:23.540, 15021, 959, 4
2026/04/21 02:39:24.541, 15021, 959, 2
2026/04/21 02:39:25.542, 15021, 959, 2
2026/04/21 02:39:26.543, 15021, 959, 3
2026/04/21 02:39:27.544, 15021, 959, 2
2026/04/21 02:39:28.545, 15021, 959, 2
2026/04/21 02:39:29.546, 15021, 959, 2
2026/04/21 02:39:30.547, 15021, 959, 2
2026/04/21 02:39:31.547, 15021, 959, 2
2026/04/21 02:39:32.548, 15021, 959, 2
2026/04/21 02:39:33.549, 15021, 959, 2
2026/04/21 02:39:34.553, 15021, 959, 2
2026/04/21 02:39:35.554, 15021, 959, 4
2026/04/21 02:39:36.555, 15021, 959, 4
2026/04/21 02:39:37.556, 15021, 959, 2
2026/04/21 02:39:38.557, 15021, 959, 2
2026/04/21 02:39:39.558, 15021, 959, 2
2026/04/21 02:39:40.559, 15021, 959, 2
2026/04/21 02:39:41.560, 15021, 959, 2
2026/04/21 02:39:44.134, 15021, 959, 2
2026/04/21 02:39:45.135, 15021, 959, 2
2026/04/21 02:39:46.136, 15021, 959, 2
2026/04/21 02:39:47.138, 15021, 959, 2
2026/04/21 02:39:48.139, 15021, 959, 2
2026/04/21 02:39:49.140, 15021, 959, 4
2026/04/21 02:39:50.141, 15021, 959, 4
2026/04/21 02:39:51.142, 15021, 959, 2
2026/04/21 02:39:52.143, 15021, 959, 4
2026/04/21 02:39:53.144, 15021, 959, 4
2026/04/21 02:39:54.145, 15021, 959, 4
2026/04/21 02:39:55.146, 15021, 959, 4
2026/04/21 02:39:56.147, 15021, 959, 4
2026/04/21 02:39:57.147, 15021, 959, 4
2026/04/21 02:39:58.148, 15021, 959, 4
2026/04/21 02:39:59.150, 15021, 959, 2
2026/04/21 02:40:00.151, 15021, 959, 4
2026/04/21 02:40:01.152, 15021, 959, 5
2026/04/21 02:40:02.154, 15021, 959, 4
2026/04/21 02:40:03.154, 15021, 959, 4
2026/04/21 02:40:04.155, 15021, 959, 2
2026/04/21 02:40:05.156, 15021, 959, 2
2026/04/21 02:40:06.157, 15021, 959, 2
2026/04/21 02:40:07.158, 15021, 959, 2
2026/04/21 02:40:08.159, 15021, 959, 4
2026/04/21 02:40:09.160, 15021, 959, 4
2026/04/21 02:40:10.161, 15021, 959, 2
2026/04/21 02:40:11.161, 15021, 959, 2
2026/04/21 02:40:12.163, 15021, 959, 3
2026/04/21 02:40:13.164, 15021, 959, 4
2026/04/21 02:40:14.165, 15021, 959, 4
2026/04/21 02:40:15.166, 15021, 959, 4
2026/04/21 02:40:17.802, 15021, 959, 2
2026/04/21 02:40:18.803, 15021, 959, 2
2026/04/21 02:40:19.804, 15021, 959, 2
2026/04/21 02:40:20.805, 15021, 959, 3
2026/04/21 02:40:21.806, 15021, 959, 1
2026/04/21 02:40:22.807, 15021, 959, 3
2026/04/21 02:40:23.807, 15021, 959, 4
2026/04/21 02:40:24.808, 15021, 959, 2
2026/04/21 02:40:25.809, 15021, 959, 3
2026/04/21 02:40:26.810, 15021, 959, 4
2026/04/21 02:40:27.811, 15021, 959, 2
2026/04/21 02:40:28.812, 15021, 959, 3
2026/04/21 02:40:29.813, 15021, 959, 4
2026/04/21 02:40:30.814, 15021, 959, 3
2026/04/21 02:40:31.816, 15021, 959, 4
2026/04/21 02:40:32.816, 15021, 959, 2
2026/04/21 02:40:33.817, 15021, 959, 4
2026/04/21 02:40:34.818, 15021, 959, 4
2026/04/21 02:40:35.822, 15021, 959, 4
2026/04/21 02:40:36.823, 15021, 959, 2
2026/04/21 02:40:37.824, 15021, 959, 2
2026/04/21 02:40:38.825, 15021, 959, 2
2026/04/21 02:40:39.826, 15021, 959, 2
2026/04/21 02:40:40.827, 15021, 959, 4
2026/04/21 02:40:41.828, 15021, 959, 4
2026/04/21 02:40:42.829, 15021, 959, 2
2026/04/21 02:40:43.830, 15021, 959, 3
2026/04/21 02:40:44.831, 15021, 959, 2
2026/04/21 02:40:45.832, 15021, 959, 2
2026/04/21 02:40:46.834, 15021, 959, 2
2026/04/21 02:40:47.835, 15021, 959, 2
2026/04/21 02:40:48.836, 15021, 959, 4
2026/04/21 02:40:51.468, 15021, 959, 2
2026/04/21 02:40:52.469, 15021, 959, 2
2026/04/21 02:40:53.470, 15021, 959, 2
2026/04/21 02:40:54.471, 15021, 959, 2
2026/04/21 02:40:55.472, 15021, 959, 2
2026/04/21 02:40:56.473, 15021, 959, 2
2026/04/21 02:40:57.474, 15021, 959, 4
2026/04/21 02:40:58.475, 15021, 959, 4
2026/04/21 02:40:59.476, 15021, 959, 4
2026/04/21 02:41:00.477, 15021, 959, 2
2026/04/21 02:41:01.477, 15021, 959, 2
2026/04/21 02:41:02.480, 15021, 959, 4
2026/04/21 02:41:03.481, 15021, 959, 4
2026/04/21 02:41:04.485, 15021, 959, 4
2026/04/21 02:41:05.486, 15021, 959, 2
2026/04/21 02:41:06.487, 15021, 959, 2
2026/04/21 02:41:07.487, 15021, 959, 2
2026/04/21 02:41:08.490, 15021, 959, 4
2026/04/21 02:41:09.491, 15021, 959, 2
2026/04/21 02:41:10.492, 15021, 959, 2
2026/04/21 02:41:11.493, 15021, 959, 2
2026/04/21 02:41:12.494, 15021, 959, 2
2026/04/21 02:41:13.495, 15021, 959, 4
2026/04/21 02:41:14.496, 15021, 959, 4
2026/04/21 02:41:15.497, 15021, 959, 4
2026/04/21 02:41:16.498, 15021, 959, 4
2026/04/21 02:41:17.499, 15021, 959, 2
2026/04/21 02:41:18.500, 15021, 959, 2
2026/04/21 02:41:19.501, 15021, 959, 3
2026/04/21 02:41:20.502, 15021, 959, 2
2026/04/21 02:41:21.504, 15021, 959, 4
2026/04/21 02:41:22.505, 15021, 959, 4
2026/04/21 02:41:25.133, 15021, 959, 4
2026/04/21 02:41:26.134, 15021, 959, 2
2026/04/21 02:41:27.135, 15021, 959, 2
2026/04/21 02:41:28.136, 15021, 959, 2
2026/04/21 02:41:29.137, 15021, 959, 2
2026/04/21 02:41:30.138, 15021, 959, 2
2026/04/21 02:41:31.139, 15021, 959, 4
2026/04/21 02:41:32.140, 15021, 959, 4
2026/04/21 02:41:33.144, 15021, 959, 4
2026/04/21 02:41:34.145, 15021, 959, 2
2026/04/21 02:41:35.145, 15021, 959, 2
2026/04/21 02:41:36.146, 15021, 959, 2
2026/04/21 02:41:37.147, 15021, 959, 2
2026/04/21 02:41:38.148, 15021, 959, 2
2026/04/21 02:41:39.148, 15021, 959, 2
2026/04/21 02:41:40.150, 15021, 959, 2
2026/04/21 02:41:41.150, 15021, 959, 2
2026/04/21 02:41:42.152, 15021, 959, 4
2026/04/21 02:41:43.152, 15021, 959, 2
2026/04/21 02:41:44.153, 15021, 959, 3
2026/04/21 02:41:45.155, 15021, 959, 3
2026/04/21 02:41:46.156, 15021, 959, 4
2026/04/21 02:41:47.157, 15021, 959, 4
2026/04/21 02:41:48.158, 15021, 959, 4
2026/04/21 02:41:49.159, 15021, 959, 4
2026/04/21 02:41:50.160, 15021, 959, 4
2026/04/21 02:41:51.161, 15021, 959, 4
2026/04/21 02:41:52.162, 15021, 959, 2
2026/04/21 02:41:53.163, 15021, 959, 3
2026/04/21 02:41:54.164, 15021, 959, 2
2026/04/21 02:41:55.165, 15021, 959, 2
2026/04/21 02:41:56.166, 15021, 959, 2
2026/04/21 02:41:58.796, 15021, 959, 4
2026/04/21 02:41:59.797, 15021, 959, 4
2026/04/21 02:42:00.798, 15021, 959, 4
2026/04/21 02:42:01.799, 15021, 959, 2
2026/04/21 02:42:02.800, 15021, 959, 2
2026/04/21 02:42:03.801, 15021, 959, 2
2026/04/21 02:42:04.802, 15021, 959, 2
2026/04/21 02:42:05.803, 15021, 959, 2
2026/04/21 02:42:06.804, 15021, 959, 2
2026/04/21 02:42:07.807, 15021, 959, 2
2026/04/21 02:42:08.807, 15021, 959, 2
2026/04/21 02:42:09.808, 15021, 959, 4
2026/04/21 02:42:10.809, 15021, 959, 4
2026/04/21 02:42:11.810, 15021, 959, 4
2026/04/21 02:42:12.811, 15021, 959, 4
2026/04/21 02:42:13.812, 15021, 959, 4
2026/04/21 02:42:14.813, 15021, 959, 3
2026/04/21 02:42:15.814, 15021, 959, 4
2026/04/21 02:42:16.815, 15021, 959, 4
2026/04/21 02:42:17.815, 15021, 959, 4
2026/04/21 02:42:18.816, 15021, 959, 2
2026/04/21 02:42:19.817, 15021, 959, 2
2026/04/21 02:42:20.818, 15021, 959, 3
2026/04/21 02:42:21.819, 15021, 959, 4
2026/04/21 02:42:22.820, 15021, 959, 2
2026/04/21 02:42:23.820, 15021, 959, 2
2026/04/21 02:42:24.824, 15021, 959, 2
2026/04/21 02:42:25.825, 15021, 959, 2
2026/04/21 02:42:26.826, 15021, 959, 4
2026/04/21 02:42:27.826, 15021, 959, 2
2026/04/21 02:42:28.828, 15021, 959, 2
2026/04/21 02:42:29.828, 15021, 959, 2
2026/04/21 02:42:30.829, 15021, 959, 2
2026/04/21 02:42:33.462, 15021, 959, 2
2026/04/21 02:42:34.462, 15021, 959, 3
2026/04/21 02:42:35.464, 15021, 959, 2
2026/04/21 02:42:36.464, 15021, 959, 4
2026/04/21 02:42:37.465, 15021, 959, 4
2026/04/21 02:42:38.466, 15021, 959, 4
2026/04/21 02:42:39.467, 15021, 959, 4
2026/04/21 02:42:40.468, 15021, 959, 2
2026/04/21 02:42:41.469, 15021, 959, 2
2026/04/21 02:42:42.470, 15021, 959, 4
2026/04/21 02:42:43.471, 15021, 959, 4
2026/04/21 02:42:44.471, 15021, 959, 4
2026/04/21 02:42:45.472, 15021, 959, 2
2026/04/21 02:42:46.473, 15021, 959, 2
2026/04/21 02:42:47.474, 15021, 959, 4
2026/04/21 02:42:48.475, 15021, 959, 4
2026/04/21 02:42:49.476, 15021, 959, 4
2026/04/21 02:42:50.477, 15021, 959, 4
2026/04/21 02:42:51.479, 15021, 959, 4
2026/04/21 02:42:52.480, 15021, 959, 2
2026/04/21 02:42:53.481, 15021, 959, 2
2026/04/21 02:42:54.482, 15021, 959, 2
2026/04/21 02:42:55.484, 15021, 959, 2
2026/04/21 02:42:56.484, 15021, 959, 2
2026/04/21 02:42:57.486, 15021, 959, 2
2026/04/21 02:42:58.487, 15021, 959, 2
2026/04/21 02:42:59.488, 15021, 959, 2
2026/04/21 02:43:00.489, 15021, 959, 4
2026/04/21 02:43:01.490, 15021, 959, 2
2026/04/21 02:43:02.490, 15021, 959, 4
2026/04/21 02:43:03.491, 15021, 959, 4
2026/04/21 02:43:04.492, 15021, 959, 2
2026/04/21 02:43:07.116, 15021, 959, 2
2026/04/21 02:43:08.117, 15021, 959, 2
2026/04/21 02:43:09.118, 15021, 959, 4
2026/04/21 02:43:10.119, 15021, 959, 4
2026/04/21 02:43:11.120, 15021, 959, 2
2026/04/21 02:43:12.121, 15021, 959, 2
2026/04/21 02:43:13.122, 15021, 959, 3
2026/04/21 02:43:14.123, 15021, 959, 2
2026/04/21 02:43:15.126, 15021, 959, 2
2026/04/21 02:43:16.128, 15021, 959, 2
2026/04/21 02:43:17.129, 15021, 959, 2
2026/04/21 02:43:18.131, 15021, 959, 2
2026/04/21 02:43:19.131, 15021, 959, 2
2026/04/21 02:43:20.132, 15021, 959, 4
2026/04/21 02:43:21.133, 15021, 959, 4
2026/04/21 02:43:22.134, 15021, 959, 4
2026/04/21 02:43:23.136, 15021, 959, 2
2026/04/21 02:43:24.137, 15021, 959, 4
2026/04/21 02:43:25.138, 15021, 959, 4
2026/04/21 02:43:26.139, 15021, 959, 2
2026/04/21 02:43:27.140, 15021, 959, 2
2026/04/21 02:43:28.145, 15021, 959, 2
2026/04/21 02:43:29.146, 15021, 959, 2
2026/04/21 02:43:30.147, 15021, 959, 2
2026/04/21 02:43:31.148, 15021, 959, 4
2026/04/21 02:43:32.149, 15021, 959, 2
2026/04/21 02:43:33.149, 15021, 959, 2
2026/04/21 02:43:34.151, 15021, 959, 2
2026/04/21 02:43:35.152, 15021, 959, 2
2026/04/21 02:43:36.155, 15021, 959, 2
2026/04/21 02:43:37.156, 15021, 959, 2
2026/04/21 02:43:38.157, 15021, 959, 2
2026/04/21 02:43:40.786, 15021, 959, 4
2026/04/21 02:43:41.787, 15021, 959, 2
2026/04/21 02:43:42.788, 15021, 959, 2
2026/04/21 02:43:43.791, 15021, 959, 2
2026/04/21 02:43:44.791, 15021, 959, 2
2026/04/21 02:43:45.792, 15021, 959, 2
2026/04/21 02:43:46.793, 15021, 959, 2
2026/04/21 02:43:47.794, 15021, 959, 3
2026/04/21 02:43:48.794, 15021, 959, 4
2026/04/21 02:43:49.795, 15021, 959, 4
2026/04/21 02:43:50.797, 15021, 959, 2
2026/04/21 02:43:51.798, 15021, 959, 2
2026/04/21 02:43:52.799, 15021, 959, 4
2026/04/21 02:43:53.800, 15021, 959, 2
2026/04/21 02:43:54.801, 15021, 959, 4
2026/04/21 02:43:55.801, 15021, 959, 4
2026/04/21 02:43:56.802, 15021, 959, 4
2026/04/21 02:43:57.803, 15021, 959, 2
2026/04/21 02:43:58.804, 15021, 959, 2
2026/04/21 02:43:59.805, 15021, 959, 2
2026/04/21 02:44:00.805, 15021, 959, 2
2026/04/21 02:44:01.806, 15021, 959, 2
2026/04/21 02:44:02.809, 15021, 959, 4
2026/04/21 02:44:03.809, 15021, 959, 4
2026/04/21 02:44:04.810, 15021, 959, 4
2026/04/21 02:44:05.811, 15021, 959, 2
2026/04/21 02:44:06.812, 15021, 959, 2
2026/04/21 02:44:07.813, 15021, 959, 2
2026/04/21 02:44:08.814, 15021, 959, 2
2026/04/21 02:44:09.814, 15021, 959, 2
2026/04/21 02:44:10.815, 15021, 959, 5
2026/04/21 02:44:11.816, 15021, 959, 2
2026/04/21 02:44:14.662, 15021, 959, 4
2026/04/21 02:44:15.664, 15021, 959, 2
2026/04/21 02:44:16.665, 15021, 959, 2
2026/04/21 02:44:17.666, 15021, 959, 4
2026/04/21 02:44:18.669, 15021, 959, 2
2026/04/21 02:44:19.670, 15021, 959, 2
2026/04/21 02:44:20.671, 15021, 959, 2
2026/04/21 02:44:21.672, 15021, 959, 2
2026/04/21 02:44:22.673, 15021, 959, 2
2026/04/21 02:44:23.674, 15021, 959, 2
2026/04/21 02:44:24.675, 15021, 959, 2
2026/04/21 02:44:25.676, 15021, 959, 4
2026/04/21 02:44:26.677, 15021, 959, 2
2026/04/21 02:44:27.678, 15021, 959, 2
2026/04/21 02:44:28.679, 15021, 959, 2
2026/04/21 02:44:29.680, 15021, 959, 5
2026/04/21 02:44:30.682, 15021, 959, 2
2026/04/21 02:44:31.683, 15021, 959, 2
2026/04/21 02:44:32.684, 15021, 959, 2
2026/04/21 02:44:33.685, 15021, 959, 2
2026/04/21 02:44:34.686, 15021, 959, 4
2026/04/21 02:44:35.687, 15021, 959, 4
2026/04/21 02:44:36.688, 15021, 959, 2
2026/04/21 02:44:37.690, 15021, 959, 2
2026/04/21 02:44:38.690, 15021, 959, 2
2026/04/21 02:44:39.691, 15021, 959, 3
2026/04/21 02:44:40.692, 15021, 959, 2
2026/04/21 02:44:41.693, 15021, 959, 4
2026/04/21 02:44:42.694, 15021, 959, 4
2026/04/21 02:44:43.695, 15021, 959, 4
2026/04/21 02:44:44.696, 15021, 959, 4
2026/04/21 02:44:45.697, 15021, 959, 3
2026/04/21 02:44:48.383, 15021, 959, 2
2026/04/21 02:44:49.384, 15021, 959, 2
2026/04/21 02:44:50.385, 15021, 959, 2
2026/04/21 02:44:51.385, 15021, 959, 2
2026/04/21 02:44:52.386, 15021, 959, 2
2026/04/21 02:44:53.388, 15021, 959, 4
2026/04/21 02:44:54.388, 15021, 959, 4
2026/04/21 02:44:55.389, 15021, 959, 2
2026/04/21 02:44:56.390, 15021, 959, 4
2026/04/21 02:44:57.392, 15021, 959, 2
2026/04/21 02:44:58.392, 15021, 959, 2
2026/04/21 02:44:59.393, 15021, 959, 2
2026/04/21 02:45:00.394, 15021, 959, 2
2026/04/21 02:45:01.395, 15021, 959, 2
2026/04/21 02:45:02.399, 15021, 959, 2
2026/04/21 02:45:03.400, 15021, 959, 2
2026/04/21 02:45:04.401, 15021, 959, 3
2026/04/21 02:45:05.401, 15021, 959, 2
2026/04/21 02:45:06.402, 15021, 959, 2
2026/04/21 02:45:07.403, 15021, 959, 4
2026/04/21 02:45:08.404, 15021, 959, 2
2026/04/21 02:45:09.410, 15021, 959, 2
2026/04/21 02:45:10.412, 15021, 959, 4
2026/04/21 02:45:11.413, 15021, 959, 4
2026/04/21 02:45:12.414, 15021, 959, 4
2026/04/21 02:45:13.415, 15021, 959, 4
2026/04/21 02:45:14.415, 15021, 959, 2
2026/04/21 02:45:15.416, 15021, 959, 2
2026/04/21 02:45:16.418, 15021, 959, 4
2026/04/21 02:45:17.419, 15021, 959, 3
2026/04/21 02:45:18.420, 15021, 959, 4
2026/04/21 02:45:19.423, 15021, 959, 2
2026/04/21 02:45:20.424, 15021, 959, 4
2026/04/21 02:45:23.131, 15021, 959, 4
2026/04/21 02:45:24.131, 15021, 959, 4
2026/04/21 02:45:25.133, 15021, 959, 4
2026/04/21 02:45:26.134, 15021, 959, 4
2026/04/21 02:45:27.135, 15021, 959, 2
2026/04/21 02:45:28.136, 15021, 959, 4
2026/04/21 02:45:29.136, 15021, 959, 2
2026/04/21 02:45:30.137, 15021, 959, 2
2026/04/21 02:45:31.138, 15021, 959, 4
2026/04/21 02:45:32.139, 15021, 959, 3
2026/04/21 02:45:33.140, 15021, 959, 2
2026/04/21 02:45:34.141, 15021, 959, 2
2026/04/21 02:45:35.142, 15021, 959, 4
2026/04/21 02:45:36.144, 15021, 959, 4
2026/04/21 02:45:37.149, 15021, 959, 2
2026/04/21 02:45:38.150, 15021, 959, 2
2026/04/21 02:45:39.151, 15021, 959, 2
2026/04/21 02:45:40.152, 15021, 959, 4
2026/04/21 02:45:41.153, 15021, 959, 4
2026/04/21 02:45:42.154, 15021, 959, 4
2026/04/21 02:45:43.155, 15021, 959, 4
2026/04/21 02:45:44.156, 15021, 959, 2
2026/04/21 02:45:45.157, 15021, 959, 2
2026/04/21 02:45:46.158, 15021, 959, 4
2026/04/21 02:45:47.159, 15021, 959, 3
2026/04/21 02:45:48.160, 15021, 959, 2
2026/04/21 02:45:49.161, 15021, 959, 2
2026/04/21 02:45:50.162, 15021, 959, 2
2026/04/21 02:45:51.163, 15021, 959, 2
2026/04/21 02:45:52.164, 15021, 959, 2
2026/04/21 02:45:53.165, 15021, 959, 2
2026/04/21 02:45:54.166, 15021, 959, 4
2026/04/21 02:45:56.876, 15021, 959, 2
2026/04/21 02:45:57.877, 15021, 959, 4
2026/04/21 02:45:58.878, 15021, 959, 2
2026/04/21 02:45:59.880, 15021, 959, 2
2026/04/21 02:46:00.881, 15021, 959, 2
2026/04/21 02:46:01.882, 15021, 959, 2
2026/04/21 02:46:02.886, 15021, 959, 2
2026/04/21 02:46:03.887, 15021, 959, 2
2026/04/21 02:46:04.891, 15021, 959, 4
2026/04/21 02:46:05.892, 15021, 959, 4
2026/04/21 02:46:06.893, 15021, 959, 2
2026/04/21 02:46:07.894, 15021, 959, 4
2026/04/21 02:46:08.895, 15021, 959, 4
2026/04/21 02:46:09.896, 15021, 959, 2
2026/04/21 02:46:10.897, 15021, 959, 2
2026/04/21 02:46:11.898, 15021, 959, 2
2026/04/21 02:46:12.899, 15021, 959, 2
2026/04/21 02:46:13.900, 15021, 959, 4
2026/04/21 02:46:14.901, 15021, 959, 2
2026/04/21 02:46:15.902, 15021, 959, 2
2026/04/21 02:46:16.902, 15021, 959, 2
2026/04/21 02:46:17.904, 15021, 959, 2
2026/04/21 02:46:18.905, 15021, 959, 2
2026/04/21 02:46:19.905, 15021, 959, 2
2026/04/21 02:46:20.906, 15021, 959, 2
2026/04/21 02:46:21.907, 15021, 959, 4
2026/04/21 02:46:22.908, 15021, 959, 2
2026/04/21 02:46:23.909, 15021, 959, 3
2026/04/21 02:46:24.910, 15021, 959, 2
2026/04/21 02:46:25.911, 15021, 959, 4
2026/04/21 02:46:26.912, 15021, 959, 4
2026/04/21 02:46:27.913, 15021, 959, 2
2026/04/21 02:46:30.623, 15021, 959, 2
2026/04/21 02:46:31.623, 15021, 959, 4
2026/04/21 02:46:32.624, 15021, 959, 2
2026/04/21 02:46:33.625, 15021, 959, 4
2026/04/21 02:46:34.626, 15021, 959, 4
2026/04/21 02:46:35.627, 15021, 959, 2
2026/04/21 02:46:36.628, 15021, 959, 4
2026/04/21 02:46:37.629, 15021, 959, 2
2026/04/21 02:46:38.630, 15021, 959, 4
2026/04/21 02:46:39.631, 15021, 959, 4
2026/04/21 02:46:40.632, 15021, 959, 2
2026/04/21 02:46:41.633, 15021, 959, 3
2026/04/21 02:46:42.634, 15021, 959, 2
2026/04/21 02:46:43.635, 15021, 959, 2
2026/04/21 02:46:44.636, 15021, 959, 2
2026/04/21 02:46:45.637, 15021, 959, 2
2026/04/21 02:46:46.638, 15021, 959, 4
2026/04/21 02:46:47.639, 15021, 959, 4
2026/04/21 02:46:48.640, 15021, 959, 2
2026/04/21 02:46:49.643, 15021, 959, 4
2026/04/21 02:46:50.645, 15021, 959, 3
2026/04/21 02:46:51.645, 15021, 959, 2
2026/04/21 02:46:52.646, 15021, 959, 2
2026/04/21 02:46:53.648, 15021, 959, 2
2026/04/21 02:46:54.649, 15021, 959, 2
2026/04/21 02:46:55.649, 15021, 959, 3
2026/04/21 02:46:56.650, 15021, 959, 2
2026/04/21 02:46:57.651, 15021, 959, 4
2026/04/21 02:46:58.656, 15021, 959, 4
2026/04/21 02:46:59.656, 15021, 959, 4
2026/04/21 02:47:00.657, 15021, 959, 2
2026/04/21 02:47:01.659, 15021, 959, 3
2026/04/21 02:47:04.370, 15021, 959, 4
2026/04/21 02:47:05.370, 15021, 959, 4
2026/04/21 02:47:06.371, 15021, 959, 2
2026/04/21 02:47:07.373, 15021, 959, 2
2026/04/21 02:47:08.373, 15021, 959, 2
2026/04/21 02:47:09.374, 15021, 959, 4
2026/04/21 02:47:10.375, 15021, 959, 4
2026/04/21 02:47:11.376, 15021, 959, 2
2026/04/21 02:47:12.377, 15021, 959, 4
2026/04/21 02:47:13.378, 15021, 959, 2
2026/04/21 02:47:14.379, 15021, 959, 4
2026/04/21 02:47:15.382, 15021, 959, 2
2026/04/21 02:47:16.383, 15021, 959, 2
2026/04/21 02:47:17.384, 15021, 959, 2
2026/04/21 02:47:18.387, 15021, 959, 2
2026/04/21 02:47:19.388, 15021, 959, 2
2026/04/21 02:47:20.389, 15021, 959, 4
2026/04/21 02:47:21.390, 15021, 959, 2
2026/04/21 02:47:22.393, 15021, 959, 4
2026/04/21 02:47:23.395, 15021, 959, 2
2026/04/21 02:47:24.396, 15021, 959, 2
2026/04/21 02:47:25.397, 15021, 959, 4
2026/04/21 02:47:26.398, 15021, 959, 3
2026/04/21 02:47:27.398, 15021, 959, 4
2026/04/21 02:47:28.399, 15021, 959, 0
2026/04/21 02:47:29.400, 15021, 959, 0
2026/04/21 02:47:30.400, 15021, 959, 49
2026/04/21 02:47:31.401, 15021, 959, 46
2026/04/21 02:47:32.401, 15021, 959, 46
2026/04/21 02:47:33.402, 15021, 959, 49
2026/04/21 02:47:34.402, 15021, 959, 47
2026/04/21 02:47:35.403, 15021, 959, 50
2026/04/21 02:47:36.403, 15021, 959, 46
2026/04/21 02:47:39.118, 15021, 959, 46
2026/04/21 02:47:40.119, 15021, 959, 46
2026/04/21 02:47:41.119, 15021, 959, 45
2026/04/21 02:47:42.120, 15021, 959, 49
2026/04/21 02:47:43.120, 15021, 959, 50
2026/04/21 02:47:44.121, 15021, 959, 45
2026/04/21 02:47:45.121, 15021, 959, 51
2026/04/21 02:47:46.122, 15021, 959, 49
2026/04/21 02:47:47.123, 15021, 959, 49
2026/04/21 02:47:48.124, 15021, 959, 50
2026/04/21 02:47:49.124, 15021, 959, 50
2026/04/21 02:47:50.125, 15021, 959, 48
2026/04/21 02:47:51.126, 15021, 959, 57
2026/04/21 02:47:52.127, 15021, 959, 48
2026/04/21 02:47:53.128, 15021, 959, 48
2026/04/21 02:47:54.129, 15021, 959, 4
2026/04/21 02:47:55.130, 15021, 959, 4
2026/04/21 02:47:56.131, 15021, 959, 2
2026/04/21 02:47:57.131, 15021, 959, 4
2026/04/21 02:47:58.132, 15021, 959, 4
2026/04/21 02:47:59.133, 15021, 959, 4
2026/04/21 02:48:00.134, 15021, 959, 3
2026/04/21 02:48:01.135, 15021, 959, 2
2026/04/21 02:48:02.136, 15021, 959, 4
2026/04/21 02:48:03.138, 15021, 959, 4
2026/04/21 02:48:04.139, 15021, 959, 2
2026/04/21 02:48:05.140, 15021, 959, 2
2026/04/21 02:48:06.141, 15021, 959, 2
2026/04/21 02:48:07.143, 15021, 959, 4
2026/04/21 02:48:08.144, 15021, 959, 4
2026/04/21 02:48:09.144, 15021, 959, 4
2026/04/21 02:48:10.145, 15021, 959, 3
2026/04/21 02:48:12.870, 15021, 959, 4
2026/04/21 02:48:13.871, 15021, 959, 4
2026/04/21 02:48:14.872, 15021, 959, 4
2026/04/21 02:48:15.873, 15021, 959, 2
2026/04/21 02:48:16.874, 15021, 959, 2
2026/04/21 02:48:17.875, 15021, 959, 4
2026/04/21 02:48:18.876, 15021, 959, 3
2026/04/21 02:48:19.877, 15021, 959, 2
2026/04/21 02:48:20.878, 15021, 959, 3
2026/04/21 02:48:21.879, 15021, 959, 4
2026/04/21 02:48:22.880, 15021, 959, 2
2026/04/21 02:48:23.881, 15021, 959, 2
2026/04/21 02:48:24.882, 15021, 959, 4
2026/04/21 02:48:25.882, 15021, 959, 4
2026/04/21 02:48:26.887, 15021, 959, 2
2026/04/21 02:48:27.888, 15021, 959, 2
2026/04/21 02:48:28.888, 15021, 959, 4
2026/04/21 02:48:29.889, 15021, 959, 2
2026/04/21 02:48:30.891, 15021, 959, 4
2026/04/21 02:48:31.892, 15021, 959, 5
2026/04/21 02:48:32.893, 15021, 959, 3
2026/04/21 02:48:33.893, 15021, 959, 4
2026/04/21 02:48:34.894, 15021, 959, 2
2026/04/21 02:48:35.895, 15021, 959, 4
2026/04/21 02:48:36.896, 15021, 959, 2
2026/04/21 02:48:37.897, 15021, 959, 4
2026/04/21 02:48:38.898, 15021, 959, 4
2026/04/21 02:48:39.899, 15021, 959, 2
2026/04/21 02:48:40.900, 15021, 959, 4
2026/04/21 02:48:41.901, 15021, 959, 4
2026/04/21 02:48:42.902, 15021, 959, 2
2026/04/21 02:48:43.902, 15021, 959, 2
2026/04/21 02:48:46.638, 15021, 959, 4
2026/04/21 02:48:47.639, 15021, 959, 3
2026/04/21 02:48:48.640, 15021, 959, 4
2026/04/21 02:48:49.641, 15021, 959, 3
2026/04/21 02:48:50.642, 15021, 959, 4
2026/04/21 02:48:51.643, 15021, 959, 2
2026/04/21 02:48:52.644, 15021, 959, 0
2026/04/21 02:48:53.645, 15021, 959, 50
2026/04/21 02:48:54.646, 15021, 959, 52
2026/04/21 02:48:55.647, 15021, 959, 48
2026/04/21 02:48:56.648, 15021, 959, 2
2026/04/21 02:48:57.650, 15021, 959, 4
2026/04/21 02:48:58.651, 15021, 959, 2
2026/04/21 02:48:59.651, 15021, 959, 2
2026/04/21 02:49:00.652, 15021, 959, 2
2026/04/21 02:49:01.653, 15021, 959, 2
2026/04/21 02:49:02.654, 15021, 959, 2
2026/04/21 02:49:03.655, 15021, 959, 2
2026/04/21 02:49:04.656, 15021, 959, 2
2026/04/21 02:49:05.657, 15021, 959, 4
2026/04/21 02:49:06.658, 15021, 959, 2
2026/04/21 02:49:07.659, 15021, 959, 4
2026/04/21 02:49:08.659, 15021, 959, 2
2026/04/21 02:49:09.660, 15021, 959, 2
2026/04/21 02:49:10.661, 15021, 959, 2
2026/04/21 02:49:11.662, 15021, 959, 2
2026/04/21 02:49:12.663, 15021, 959, 4
2026/04/21 02:49:13.664, 15021, 959, 4
2026/04/21 02:49:14.666, 15021, 959, 5
2026/04/21 02:49:15.667, 15021, 959, 4
2026/04/21 02:49:16.668, 15021, 959, 3
2026/04/21 02:49:17.668, 15021, 959, 2
2026/04/21 02:49:20.434, 15021, 959, 2
2026/04/21 02:49:21.435, 15021, 959, 2
2026/04/21 02:49:22.436, 15021, 959, 4
2026/04/21 02:49:23.436, 15021, 959, 2
2026/04/21 02:49:24.437, 15021, 959, 2
2026/04/21 02:49:25.438, 15021, 959, 2
2026/04/21 02:49:26.440, 15021, 959, 3
2026/04/21 02:49:27.440, 15021, 959, 4
2026/04/21 02:49:28.441, 15021, 959, 4
2026/04/21 02:49:29.442, 15021, 959, 2
2026/04/21 02:49:30.443, 15021, 959, 2
2026/04/21 02:49:31.445, 15021, 959, 2
2026/04/21 02:49:32.446, 15021, 959, 4
2026/04/21 02:49:33.447, 15021, 959, 2
2026/04/21 02:49:34.448, 15021, 959, 2
2026/04/21 02:49:35.448, 15021, 959, 2
2026/04/21 02:49:36.450, 15021, 959, 4
2026/04/21 02:49:37.450, 15021, 959, 4
2026/04/21 02:49:38.451, 15021, 959, 2
2026/04/21 02:49:39.452, 15021, 959, 2
2026/04/21 02:49:40.453, 15021, 959, 4
2026/04/21 02:49:41.454, 15021, 959, 2
2026/04/21 02:49:42.454, 15021, 959, 2
2026/04/21 02:49:43.455, 15021, 959, 1
2026/04/21 02:49:44.458, 15021, 959, 2
2026/04/21 02:49:45.462, 15021, 959, 2
2026/04/21 02:49:46.462, 15021, 959, 2
2026/04/21 02:49:47.463, 15021, 959, 2
2026/04/21 02:49:48.465, 15021, 959, 2
2026/04/21 02:49:49.465, 15021, 959, 2
2026/04/21 02:49:50.466, 15021, 959, 2
2026/04/21 02:49:51.467, 15021, 959, 2
2026/04/21 02:49:54.313, 15021, 959, 4
2026/04/21 02:49:55.314, 15021, 959, 2
2026/04/21 02:49:56.315, 15021, 959, 2
2026/04/21 02:49:57.318, 15021, 959, 2
2026/04/21 02:49:58.319, 15021, 959, 4
2026/04/21 02:49:59.320, 15021, 959, 2
2026/04/21 02:50:00.321, 15021, 959, 4
2026/04/21 02:50:01.322, 15021, 959, 3
2026/04/21 02:50:02.323, 15021, 959, 2
2026/04/21 02:50:03.324, 15021, 959, 2
2026/04/21 02:50:04.325, 15021, 959, 2
2026/04/21 02:50:05.326, 15021, 959, 2
2026/04/21 02:50:06.327, 15021, 959, 2
2026/04/21 02:50:07.328, 15021, 959, 0
2026/04/21 02:50:08.329, 15021, 959, 46
2026/04/21 02:50:09.330, 15021, 959, 49
2026/04/21 02:50:10.331, 15021, 959, 43
2026/04/21 02:50:11.335, 15021, 959, 50
2026/04/21 02:50:12.335, 15021, 959, 2
2026/04/21 02:50:13.338, 15021, 959, 2
2026/04/21 02:50:14.339, 15021, 959, 4
2026/04/21 02:50:15.341, 15021, 959, 2
2026/04/21 02:50:16.342, 15021, 959, 2
2026/04/21 02:50:17.343, 15021, 959, 2
2026/04/21 02:50:18.344, 15021, 959, 4
2026/04/21 02:50:19.344, 15021, 959, 2
2026/04/21 02:50:20.345, 15021, 959, 2
2026/04/21 02:50:21.346, 15021, 959, 4
2026/04/21 02:50:22.347, 15021, 959, 2
2026/04/21 02:50:23.348, 15021, 959, 4
2026/04/21 02:50:24.349, 15021, 959, 4
2026/04/21 02:50:25.350, 15021, 959, 2
2026/04/21 02:50:26.351, 15021, 959, 2
2026/04/21 02:50:29.179, 15021, 959, 4
2026/04/21 02:50:30.180, 15021, 959, 2
2026/04/21 02:50:31.181, 15021, 959, 4
2026/04/21 02:50:32.182, 15021, 959, 2
2026/04/21 02:50:33.183, 15021, 959, 2
2026/04/21 02:50:34.184, 15021, 959, 4
2026/04/21 02:50:35.185, 15021, 959, 4
2026/04/21 02:50:36.186, 15021, 959, 2
2026/04/21 02:50:37.186, 15021, 959, 4
2026/04/21 02:50:38.187, 15021, 959, 2
2026/04/21 02:50:39.190, 15021, 959, 2
2026/04/21 02:50:40.191, 15021, 959, 2
2026/04/21 02:50:41.192, 15021, 959, 2
2026/04/21 02:50:42.193, 15021, 959, 2
2026/04/21 02:50:43.194, 15021, 959, 2
2026/04/21 02:50:44.194, 15021, 959, 2
2026/04/21 02:50:45.196, 15021, 959, 5
2026/04/21 02:50:46.197, 15021, 959, 5
2026/04/21 02:50:47.198, 15021, 959, 2
2026/04/21 02:50:48.198, 15021, 959, 3
2026/04/21 02:50:49.199, 15021, 959, 4
2026/04/21 02:50:50.200, 15021, 959, 2
2026/04/21 02:50:51.201, 15021, 959, 4
2026/04/21 02:50:52.205, 15021, 959, 4
2026/04/21 02:50:53.206, 15021, 959, 2
2026/04/21 02:50:54.206, 15021, 959, 49
2026/04/21 02:50:55.207, 15021, 959, 49
2026/04/21 02:50:56.208, 15021, 959, 49
2026/04/21 02:50:57.209, 15021, 959, 45
2026/04/21 02:50:58.210, 15021, 959, 46
2026/04/21 02:50:59.210, 15021, 959, 2
2026/04/21 02:51:00.211, 15021, 959, 4
2026/04/21 02:51:03.282, 15021, 959, 2
2026/04/21 02:51:04.287, 15021, 959, 4
2026/04/21 02:51:05.293, 15021, 959, 2
2026/04/21 02:51:06.298, 15021, 959, 2
2026/04/21 02:51:07.307, 15021, 959, 4
2026/04/21 02:51:08.312, 15021, 959, 2
2026/04/21 02:51:09.318, 15021, 959, 2
2026/04/21 02:51:10.323, 15021, 959, 0
2026/04/21 02:51:11.323, 15021, 959, 52
2026/04/21 02:51:12.324, 15021, 959, 51
2026/04/21 02:51:13.325, 15021, 959, 48
2026/04/21 02:51:14.325, 15021, 959, 51
2026/04/21 02:51:15.326, 15021, 959, 47
2026/04/21 02:51:16.326, 15021, 959, 2
2026/04/21 02:51:17.327, 15021, 959, 2
2026/04/21 02:51:18.328, 15021, 959, 2
2026/04/21 02:51:19.329, 15021, 959, 5
2026/04/21 02:51:20.330, 15021, 959, 2
2026/04/21 02:51:21.331, 15021, 959, 4
2026/04/21 02:51:22.332, 15021, 959, 4
2026/04/21 02:51:23.332, 15021, 959, 2
2026/04/21 02:51:24.333, 15021, 959, 4
2026/04/21 02:51:25.334, 15021, 959, 3
2026/04/21 02:51:26.335, 15021, 959, 2
2026/04/21 02:51:27.336, 15021, 959, 2
2026/04/21 02:51:28.337, 15021, 959, 0
2026/04/21 02:51:29.338, 15021, 959, 2
2026/04/21 02:51:30.339, 15021, 959, 50
2026/04/21 02:51:31.340, 15021, 959, 49
2026/04/21 02:51:32.341, 15021, 959, 36
2026/04/21 02:51:33.342, 15021, 959, 50
2026/04/21 02:51:34.342, 15021, 959, 48
2026/04/21 02:51:37.479, 15021, 959, 45
2026/04/21 02:51:38.482, 15021, 959, 2
2026/04/21 02:51:39.488, 15021, 959, 4
2026/04/21 02:51:40.493, 15021, 959, 2
2026/04/21 02:51:41.497, 15021, 959, 2
2026/04/21 02:51:42.503, 15021, 959, 3
2026/04/21 02:51:43.508, 15021, 959, 2
2026/04/21 02:51:44.512, 15021, 959, 2
2026/04/21 02:51:45.513, 15021, 959, 4
2026/04/21 02:51:46.514, 15021, 959, 4
2026/04/21 02:51:47.514, 15021, 959, 2
2026/04/21 02:51:48.515, 15021, 959, 2
2026/04/21 02:51:49.516, 15021, 959, 4
2026/04/21 02:51:50.521, 15021, 959, 4
2026/04/21 02:51:51.522, 15021, 959, 5
2026/04/21 02:51:52.522, 15021, 959, 3
2026/04/21 02:51:53.523, 15021, 959, 4
2026/04/21 02:51:54.524, 15021, 959, 4
2026/04/21 02:51:55.525, 15021, 959, 4
2026/04/21 02:51:56.526, 15021, 959, 2
2026/04/21 02:51:57.526, 15021, 959, 2
2026/04/21 02:51:58.528, 15021, 959, 2
2026/04/21 02:51:59.529, 15021, 959, 3
2026/04/21 02:52:00.530, 15021, 959, 2
2026/04/21 02:52:01.531, 15021, 959, 2
2026/04/21 02:52:02.532, 15021, 959, 2
2026/04/21 02:52:03.534, 15021, 959, 4
2026/04/21 02:52:04.535, 15021, 959, 4
2026/04/21 02:52:05.538, 15021, 959, 2
2026/04/21 02:52:06.539, 15021, 959, 2
2026/04/21 02:52:07.540, 15021, 959, 4
2026/04/21 02:52:08.543, 15021, 959, 2
2026/04/21 02:52:11.705, 15021, 959, 4
2026/04/21 02:52:12.710, 15021, 959, 2
2026/04/21 02:52:13.711, 15021, 959, 4
2026/04/21 02:52:14.712, 15021, 959, 2
2026/04/21 02:52:15.720, 15021, 959, 2
2026/04/21 02:52:16.721, 15021, 959, 2
2026/04/21 02:52:17.722, 15021, 959, 2
2026/04/21 02:52:18.723, 15021, 959, 4
2026/04/21 02:52:19.724, 15021, 959, 2
2026/04/21 02:52:20.728, 15021, 959, 0
2026/04/21 02:52:21.729, 15021, 959, 0
2026/04/21 02:52:22.731, 15021, 959, 0
2026/04/21 02:52:23.732, 15021, 959, 45
2026/04/21 02:52:24.733, 15021, 959, 2
2026/04/21 02:52:25.735, 15021, 959, 2
2026/04/21 02:52:26.736, 15021, 959, 2
2026/04/21 02:52:27.736, 15021, 959, 2
2026/04/21 02:52:28.737, 15021, 959, 2
2026/04/21 02:52:29.738, 15021, 959, 2
2026/04/21 02:52:30.739, 15021, 959, 5
2026/04/21 02:52:31.740, 15021, 959, 3
2026/04/21 02:52:32.741, 15021, 959, 2
2026/04/21 02:52:33.742, 15021, 959, 2
2026/04/21 02:52:34.743, 15021, 959, 4
2026/04/21 02:52:35.744, 15021, 959, 2
2026/04/21 02:52:36.745, 15021, 959, 2
2026/04/21 02:52:37.746, 15021, 959, 2
2026/04/21 02:52:38.747, 15021, 959, 4
2026/04/21 02:52:39.748, 15021, 959, 2
2026/04/21 02:52:40.749, 15021, 959, 5
2026/04/21 02:52:41.750, 15021, 959, 2
2026/04/21 02:52:42.751, 15021, 959, 0
2026/04/21 02:52:45.931, 15021, 959, 0
2026/04/21 02:52:46.932, 15021, 959, 0
2026/04/21 02:52:47.934, 15021, 959, 52
2026/04/21 02:52:48.934, 15021, 959, 57
2026/04/21 02:52:49.935, 15021, 959, 40
2026/04/21 02:52:50.936, 15021, 959, 2
2026/04/21 02:52:51.937, 15021, 959, 2
2026/04/21 02:52:52.938, 15021, 959, 2
2026/04/21 02:52:53.939, 15021, 959, 4
2026/04/21 02:52:54.940, 15021, 959, 4
2026/04/21 02:52:55.941, 15021, 959, 2
2026/04/21 02:52:56.942, 15021, 959, 2
2026/04/21 02:52:57.943, 15021, 959, 5
2026/04/21 02:52:58.946, 15021, 959, 2
2026/04/21 02:52:59.947, 15021, 959, 2
2026/04/21 02:53:00.948, 15021, 959, 5
2026/04/21 02:53:01.948, 15021, 959, 4
2026/04/21 02:53:02.949, 15021, 959, 2
2026/04/21 02:53:03.950, 15021, 959, 2
2026/04/21 02:53:04.954, 15021, 959, 4
2026/04/21 02:53:05.955, 15021, 959, 2
2026/04/21 02:53:06.957, 15021, 959, 2
2026/04/21 02:53:07.958, 15021, 959, 4
2026/04/21 02:53:08.959, 15021, 959, 2
2026/04/21 02:53:09.960, 15021, 959, 4
2026/04/21 02:53:10.961, 15021, 959, 2
2026/04/21 02:53:11.962, 15021, 959, 4
2026/04/21 02:53:12.963, 15021, 959, 2
2026/04/21 02:53:13.965, 15021, 959, 2
2026/04/21 02:53:14.966, 15021, 959, 4
2026/04/21 02:53:15.967, 15021, 959, 2
2026/04/21 02:53:16.968, 15021, 959, 4
2026/04/21 02:53:17.969, 15021, 959, 2
2026/04/21 02:53:21.160, 15021, 959, 3
2026/04/21 02:53:22.176, 15021, 959, 2
2026/04/21 02:53:23.193, 15021, 959, 2
2026/04/21 02:53:24.209, 15021, 959, 5
2026/04/21 02:53:25.209, 15021, 959, 2
2026/04/21 02:53:26.210, 15021, 959, 3
2026/04/21 02:53:27.211, 15021, 959, 2
2026/04/21 02:53:28.212, 15021, 959, 5
2026/04/21 02:53:29.214, 15021, 959, 2
2026/04/21 02:53:30.214, 15021, 959, 2
2026/04/21 02:53:31.215, 15021, 959, 2
2026/04/21 02:53:32.216, 15021, 959, 4
2026/04/21 02:53:33.217, 15021, 959, 4
2026/04/21 02:53:34.218, 15021, 959, 2
2026/04/21 02:53:35.219, 15021, 959, 5
2026/04/21 02:53:36.219, 15021, 959, 2
2026/04/21 02:53:37.220, 15021, 959, 4
2026/04/21 02:53:38.221, 15021, 959, 4
2026/04/21 02:53:39.222, 15021, 959, 4
2026/04/21 02:53:40.223, 15021, 959, 2
2026/04/21 02:53:41.224, 15021, 959, 0
2026/04/21 02:53:42.224, 15021, 959, 0
2026/04/21 02:53:43.225, 15021, 959, 0
2026/04/21 02:53:44.226, 15021, 959, 37
2026/04/21 02:53:45.227, 15021, 959, 46
2026/04/21 02:53:46.227, 15021, 959, 52
2026/04/21 02:53:47.228, 15021, 959, 43
2026/04/21 02:53:48.228, 15021, 959, 2
2026/04/21 02:53:49.229, 15021, 959, 4
2026/04/21 02:53:50.230, 15021, 959, 2
2026/04/21 02:53:51.231, 15021, 959, 2
2026/04/21 02:53:52.233, 15021, 959, 5
2026/04/21 02:53:55.341, 15021, 959, 2
2026/04/21 02:53:56.348, 15021, 959, 4
2026/04/21 02:53:57.357, 15021, 959, 2
2026/04/21 02:53:58.364, 15021, 959, 4
2026/04/21 02:53:59.365, 15021, 959, 2
2026/04/21 02:54:00.366, 15021, 959, 2
2026/04/21 02:54:01.367, 15021, 959, 5
2026/04/21 02:54:02.368, 15021, 959, 2
2026/04/21 02:54:03.369, 15021, 959, 4
2026/04/21 02:54:04.370, 15021, 959, 2
2026/04/21 02:54:05.372, 15021, 959, 2
2026/04/21 02:54:06.373, 15021, 959, 5
2026/04/21 02:54:07.374, 15021, 959, 2
2026/04/21 02:54:08.375, 15021, 959, 2
2026/04/21 02:54:09.376, 15021, 959, 2
2026/04/21 02:54:10.377, 15021, 959, 2
2026/04/21 02:54:11.378, 15021, 959, 5
2026/04/21 02:54:12.378, 15021, 959, 2
2026/04/21 02:54:13.379, 15021, 959, 2
2026/04/21 02:54:14.381, 15021, 959, 2
2026/04/21 02:54:15.382, 15021, 959, 0
2026/04/21 02:54:16.383, 15021, 959, 0
2026/04/21 02:54:17.384, 15021, 959, 0
2026/04/21 02:54:18.385, 15021, 959, 48
2026/04/21 02:54:19.386, 15021, 959, 48
2026/04/21 02:54:20.386, 15021, 959, 50
2026/04/21 02:54:21.387, 15021, 959, 49
2026/04/21 02:54:22.387, 15021, 959, 4
2026/04/21 02:54:23.389, 15021, 959, 2
2026/04/21 02:54:24.390, 15021, 959, 3
2026/04/21 02:54:25.391, 15021, 959, 2
2026/04/21 02:54:26.391, 15021, 959, 2
2026/04/21 02:54:29.478, 15021, 959, 2
2026/04/21 02:54:30.483, 15021, 959, 2
2026/04/21 02:54:31.488, 15021, 959, 4
2026/04/21 02:54:32.494, 15021, 959, 2
2026/04/21 02:54:33.495, 15021, 959, 2
2026/04/21 02:54:34.495, 15021, 959, 2
2026/04/21 02:54:35.496, 15021, 959, 4
2026/04/21 02:54:36.497, 15021, 959, 2
2026/04/21 02:54:37.498, 15021, 959, 2
2026/04/21 02:54:38.499, 15021, 959, 2
2026/04/21 02:54:39.499, 15021, 959, 2
2026/04/21 02:54:40.500, 15021, 959, 4
2026/04/21 02:54:41.501, 15021, 959, 2
2026/04/21 02:54:42.501, 15021, 959, 4
2026/04/21 02:54:43.503, 15021, 959, 2
2026/04/21 02:54:44.504, 15021, 959, 5
2026/04/21 02:54:45.505, 15021, 959, 2
2026/04/21 02:54:46.509, 15021, 959, 2
2026/04/21 02:54:47.510, 15021, 959, 3
2026/04/21 02:54:48.511, 15021, 959, 2
2026/04/21 02:54:49.512, 15021, 959, 4
2026/04/21 02:54:50.513, 15021, 959, 2
2026/04/21 02:54:51.514, 15021, 959, 2
2026/04/21 02:54:52.515, 15021, 959, 2
2026/04/21 02:54:53.517, 15021, 959, 2
2026/04/21 02:54:54.517, 15021, 959, 2
2026/04/21 02:54:55.518, 15021, 959, 4
2026/04/21 02:54:56.519, 15021, 959, 2
2026/04/21 02:54:57.520, 15021, 959, 2
2026/04/21 02:54:58.522, 15021, 959, 2
2026/04/21 02:54:59.523, 15021, 959, 2
2026/04/21 02:55:00.524, 15021, 959, 2
2026/04/21 02:55:03.653, 15021, 959, 2
2026/04/21 02:55:04.654, 15021, 959, 4
2026/04/21 02:55:05.655, 15021, 959, 3
2026/04/21 02:55:06.656, 15021, 959, 4
2026/04/21 02:55:07.657, 15021, 959, 2
2026/04/21 02:55:08.658, 15021, 959, 2
2026/04/21 02:55:09.659, 15021, 959, 2
2026/04/21 02:55:10.660, 15021, 959, 2
2026/04/21 02:55:11.661, 15021, 959, 2
2026/04/21 02:55:12.662, 15021, 959, 2
2026/04/21 02:55:13.663, 15021, 959, 4
2026/04/21 02:55:14.665, 15021, 959, 2
2026/04/21 02:55:15.666, 15021, 959, 5
2026/04/21 02:55:16.667, 15021, 959, 0
2026/04/21 02:55:17.668, 15021, 959, 0
2026/04/21 02:55:18.669, 15021, 959, 0
2026/04/21 02:55:19.670, 15021, 959, 0
2026/04/21 02:55:20.670, 15021, 959, 50
2026/04/21 02:55:21.671, 15021, 959, 45
2026/04/21 02:55:22.672, 15021, 959, 45
2026/04/21 02:55:23.672, 15021, 959, 47
2026/04/21 02:55:24.673, 15021, 959, 48
2026/04/21 02:55:25.673, 15021, 959, 2
2026/04/21 02:55:26.674, 15021, 959, 2
2026/04/21 02:55:27.675, 15021, 959, 2
2026/04/21 02:55:28.676, 15021, 959, 2
2026/04/21 02:55:29.677, 15021, 959, 2
2026/04/21 02:55:30.678, 15021, 959, 2
2026/04/21 02:55:31.680, 15021, 959, 2
2026/04/21 02:55:32.684, 15021, 959, 2
2026/04/21 02:55:33.685, 15021, 959, 2
2026/04/21 02:55:34.686, 15021, 959, 2
2026/04/21 02:55:37.747, 15021, 959, 5
2026/04/21 02:55:38.749, 15021, 959, 2
2026/04/21 02:55:39.750, 15021, 959, 5
2026/04/21 02:55:40.751, 15021, 959, 2
2026/04/21 02:55:41.754, 15021, 959, 2
2026/04/21 02:55:42.755, 15021, 959, 2
2026/04/21 02:55:43.756, 15021, 959, 2
2026/04/21 02:55:44.757, 15021, 959, 4
2026/04/21 02:55:45.758, 15021, 959, 2
2026/04/21 02:55:46.759, 15021, 959, 4
2026/04/21 02:55:47.760, 15021, 959, 2
2026/04/21 02:55:48.761, 15021, 959, 2
2026/04/21 02:55:49.762, 15021, 959, 2
2026/04/21 02:55:50.763, 15021, 959, 2
2026/04/21 02:55:51.764, 15021, 959, 3
2026/04/21 02:55:52.765, 15021, 959, 2
2026/04/21 02:55:53.766, 15021, 959, 5
2026/04/21 02:55:54.767, 15021, 959, 2
2026/04/21 02:55:55.768, 15021, 959, 2
2026/04/21 02:55:56.769, 15021, 959, 4
2026/04/21 02:55:57.770, 15021, 959, 4
2026/04/21 02:55:58.771, 15021, 959, 2
2026/04/21 02:55:59.772, 15021, 959, 2
2026/04/21 02:56:00.773, 15021, 959, 2
2026/04/21 02:56:01.774, 15021, 959, 4
2026/04/21 02:56:02.775, 15021, 959, 5
2026/04/21 02:56:03.778, 15021, 959, 2
2026/04/21 02:56:04.779, 15021, 959, 4
2026/04/21 02:56:05.780, 15021, 959, 2
2026/04/21 02:56:06.781, 15021, 959, 4
2026/04/21 02:56:07.782, 15021, 959, 2
2026/04/21 02:56:08.784, 15021, 959, 4
2026/04/21 02:56:09.785, 15021, 959, 2
2026/04/21 02:56:12.896, 15021, 959, 2
2026/04/21 02:56:13.897, 15021, 959, 2
2026/04/21 02:56:14.903, 15021, 959, 2
2026/04/21 02:56:15.904, 15021, 959, 4
2026/04/21 02:56:16.905, 15021, 959, 2
2026/04/21 02:56:17.906, 15021, 959, 2
2026/04/21 02:56:18.907, 15021, 959, 2
2026/04/21 02:56:19.908, 15021, 959, 5
2026/04/21 02:56:20.909, 15021, 959, 2
2026/04/21 02:56:21.910, 15021, 959, 2
2026/04/21 02:56:22.911, 15021, 959, 2
2026/04/21 02:56:23.912, 15021, 959, 3
2026/04/21 02:56:24.913, 15021, 959, 2
2026/04/21 02:56:25.914, 15021, 959, 2
2026/04/21 02:56:26.915, 15021, 959, 2
2026/04/21 02:56:27.916, 15021, 959, 2
2026/04/21 02:56:28.916, 15021, 959, 2
2026/04/21 02:56:29.917, 15021, 959, 2
2026/04/21 02:56:30.926, 15021, 959, 2
2026/04/21 02:56:31.927, 15021, 959, 4
2026/04/21 02:56:32.928, 15021, 959, 2
2026/04/21 02:56:33.929, 15021, 959, 4
2026/04/21 02:56:34.931, 15021, 959, 2
2026/04/21 02:56:35.932, 15021, 959, 5
2026/04/21 02:56:36.933, 15021, 959, 4
2026/04/21 02:56:37.934, 15021, 959, 2
2026/04/21 02:56:38.934, 15021, 959, 2
2026/04/21 02:56:39.936, 15021, 959, 2
2026/04/21 02:56:40.937, 15021, 959, 2
2026/04/21 02:56:41.938, 15021, 959, 2
2026/04/21 02:56:42.939, 15021, 959, 4
2026/04/21 02:56:43.940, 15021, 959, 2
2026/04/21 02:56:47.050, 15021, 959, 4
2026/04/21 02:56:48.051, 15021, 959, 2
2026/04/21 02:56:49.052, 15021, 959, 4
2026/04/21 02:56:50.053, 15021, 959, 2
2026/04/21 02:56:51.054, 15021, 959, 2
2026/04/21 02:56:52.055, 15021, 959, 5
2026/04/21 02:56:53.056, 15021, 959, 2
2026/04/21 02:56:54.057, 15021, 959, 2
2026/04/21 02:56:55.059, 15021, 959, 2
2026/04/21 02:56:56.060, 15021, 959, 2
2026/04/21 02:56:57.061, 15021, 959, 2
2026/04/21 02:56:58.062, 15021, 959, 5
2026/04/21 02:56:59.066, 15021, 959, 2
2026/04/21 02:57:00.067, 15021, 959, 5
2026/04/21 02:57:01.073, 15021, 959, 2
2026/04/21 02:57:02.074, 15021, 959, 2
2026/04/21 02:57:03.074, 15021, 959, 2
2026/04/21 02:57:04.075, 15021, 959, 2
2026/04/21 02:57:05.076, 15021, 959, 2
2026/04/21 02:57:06.077, 15021, 959, 2
2026/04/21 02:57:07.077, 15021, 959, 4
2026/04/21 02:57:08.079, 15021, 959, 2
2026/04/21 02:57:09.080, 15021, 959, 2
2026/04/21 02:57:10.081, 15021, 959, 4
2026/04/21 02:57:11.082, 15021, 959, 2
2026/04/21 02:57:12.083, 15021, 959, 5
2026/04/21 02:57:13.084, 15021, 959, 2
2026/04/21 02:57:14.084, 15021, 959, 5
2026/04/21 02:57:15.085, 15021, 959, 2
2026/04/21 02:57:16.086, 15021, 959, 4
2026/04/21 02:57:17.087, 15021, 959, 3
2026/04/21 02:57:18.088, 15021, 959, 2
2026/04/21 02:57:21.084, 15021, 959, 2
2026/04/21 02:57:22.085, 15021, 959, 4
2026/04/21 02:57:23.086, 15021, 959, 2
2026/04/21 02:57:24.088, 15021, 959, 2
2026/04/21 02:57:25.089, 15021, 959, 3
2026/04/21 02:57:26.089, 15021, 959, 3
2026/04/21 02:57:27.091, 15021, 959, 2
2026/04/21 02:57:28.091, 15021, 959, 4
2026/04/21 02:57:29.092, 15021, 959, 2
2026/04/21 02:57:30.093, 15021, 959, 5
2026/04/21 02:57:31.094, 15021, 959, 2
2026/04/21 02:57:32.095, 15021, 959, 4
2026/04/21 02:57:33.096, 15021, 959, 2
2026/04/21 02:57:34.098, 15021, 959, 2
2026/04/21 02:57:35.099, 15021, 959, 2
2026/04/21 02:57:36.099, 15021, 959, 2
2026/04/21 02:57:37.100, 15021, 959, 2
2026/04/21 02:57:38.101, 15021, 959, 2
2026/04/21 02:57:39.102, 15021, 959, 2
2026/04/21 02:57:40.103, 15021, 959, 2
2026/04/21 02:57:41.104, 15021, 959, 2
2026/04/21 02:57:42.105, 15021, 959, 2
2026/04/21 02:57:43.106, 15021, 959, 2
2026/04/21 02:57:44.107, 15021, 959, 4
2026/04/21 02:57:45.108, 15021, 959, 2
2026/04/21 02:57:46.110, 15021, 959, 4
2026/04/21 02:57:47.110, 15021, 959, 2
2026/04/21 02:57:48.111, 15021, 959, 2
2026/04/21 02:57:49.115, 15021, 959, 2
2026/04/21 02:57:50.116, 15021, 959, 2
2026/04/21 02:57:51.117, 15021, 959, 2
2026/04/21 02:57:52.118, 15021, 959, 2
2026/04/21 02:57:54.914, 15021, 959, 2
2026/04/21 02:57:55.914, 15021, 959, 5
2026/04/21 02:57:56.915, 15021, 959, 2
2026/04/21 02:57:57.917, 15021, 959, 2
2026/04/21 02:57:58.918, 15021, 959, 3
2026/04/21 02:57:59.919, 15021, 959, 2
2026/04/21 02:58:00.920, 15021, 959, 4
2026/04/21 02:58:01.921, 15021, 959, 3
2026/04/21 02:58:02.922, 15021, 959, 2
2026/04/21 02:58:03.923, 15021, 959, 4
2026/04/21 02:58:04.924, 15021, 959, 2
2026/04/21 02:58:05.925, 15021, 959, 2
2026/04/21 02:58:06.926, 15021, 959, 5
2026/04/21 02:58:07.927, 15021, 959, 4
2026/04/21 02:58:08.928, 15021, 959, 2
2026/04/21 02:58:09.929, 15021, 959, 4
2026/04/21 02:58:10.930, 15021, 959, 2
2026/04/21 02:58:11.930, 15021, 959, 2
2026/04/21 02:58:12.931, 15021, 959, 4
2026/04/21 02:58:13.932, 15021, 959, 2
2026/04/21 02:58:14.933, 15021, 959, 2
2026/04/21 02:58:15.933, 15021, 959, 2
2026/04/21 02:58:16.934, 15021, 959, 2
2026/04/21 02:58:17.935, 15021, 959, 5
2026/04/21 02:58:18.938, 15021, 959, 2
2026/04/21 02:58:19.939, 15021, 959, 5
2026/04/21 02:58:20.940, 15021, 959, 2
2026/04/21 02:58:21.941, 15021, 959, 2
2026/04/21 02:58:22.942, 15021, 959, 2
2026/04/21 02:58:23.943, 15021, 959, 2
2026/04/21 02:58:24.944, 15021, 959, 0
2026/04/21 02:58:25.948, 15021, 959, 2
2026/04/21 02:58:28.920, 15021, 959, 2
2026/04/21 02:58:29.921, 15021, 959, 2
2026/04/21 02:58:30.922, 15021, 959, 2
2026/04/21 02:58:31.923, 15021, 959, 2
2026/04/21 02:58:32.924, 15021, 959, 5
2026/04/21 02:58:33.925, 15021, 959, 2
2026/04/21 02:58:34.925, 15021, 959, 2
2026/04/21 02:58:35.926, 15021, 959, 2
2026/04/21 02:58:36.927, 15021, 959, 2
2026/04/21 02:58:37.930, 15021, 959, 2
2026/04/21 02:58:38.931, 15021, 959, 5
2026/04/21 02:58:39.932, 15021, 959, 2
2026/04/21 02:58:40.933, 15021, 959, 3
2026/04/21 02:58:41.934, 15021, 959, 4
2026/04/21 02:58:42.935, 15021, 959, 2
2026/04/21 02:58:43.936, 15021, 959, 5
2026/04/21 02:58:44.937, 15021, 959, 2
2026/04/21 02:58:45.938, 15021, 959, 2
2026/04/21 02:58:46.939, 15021, 959, 5
2026/04/21 02:58:47.940, 15021, 959, 4
2026/04/21 02:58:48.941, 15021, 959, 2
2026/04/21 02:58:49.941, 15021, 959, 2
2026/04/21 02:58:50.942, 15021, 959, 2
2026/04/21 02:58:51.943, 15021, 959, 2
2026/04/21 02:58:52.945, 15021, 959, 5
2026/04/21 02:58:53.945, 15021, 959, 2
2026/04/21 02:58:54.946, 15021, 959, 2
2026/04/21 02:58:55.947, 15021, 959, 2
2026/04/21 02:58:56.948, 15021, 959, 5
2026/04/21 02:58:57.949, 15021, 959, 2
2026/04/21 02:58:58.950, 15021, 959, 2
2026/04/21 02:58:59.951, 15021, 959, 3
2026/04/21 02:59:00.952, 15021, 959, 5
2026/04/21 02:59:03.930, 15021, 959, 2
2026/04/21 02:59:04.931, 15021, 959, 5
2026/04/21 02:59:05.932, 15021, 959, 2
2026/04/21 02:59:06.932, 15021, 959, 2
2026/04/21 02:59:07.933, 15021, 959, 3
2026/04/21 02:59:08.934, 15021, 959, 2
2026/04/21 02:59:09.935, 15021, 959, 2
2026/04/21 02:59:10.936, 15021, 959, 5
2026/04/21 02:59:11.937, 15021, 959, 2
2026/04/21 02:59:12.938, 15021, 959, 2
2026/04/21 02:59:13.938, 15021, 959, 3
2026/04/21 02:59:14.939, 15021, 959, 2
2026/04/21 02:59:15.940, 15021, 959, 2
2026/04/21 02:59:16.942, 15021, 959, 2
2026/04/21 02:59:17.949, 15021, 959, 2
2026/04/21 02:59:18.950, 15021, 959, 2
2026/04/21 02:59:19.951, 15021, 959, 2
2026/04/21 02:59:20.952, 15021, 959, 2
2026/04/21 02:59:21.952, 15021, 959, 5
2026/04/21 02:59:22.953, 15021, 959, 5
2026/04/21 02:59:23.953, 15021, 959, 2
2026/04/21 02:59:24.954, 15021, 959, 2
2026/04/21 02:59:25.955, 15021, 959, 5
2026/04/21 02:59:26.957, 15021, 959, 2
2026/04/21 02:59:27.958, 15021, 959, 2
2026/04/21 02:59:28.959, 15021, 959, 5
2026/04/21 02:59:29.960, 15021, 959, 2
2026/04/21 02:59:30.961, 15021, 959, 2
2026/04/21 02:59:31.962, 15021, 959, 2
2026/04/21 02:59:32.963, 15021, 959, 5
2026/04/21 02:59:33.964, 15021, 959, 2
2026/04/21 02:59:34.965, 15021, 959, 2
2026/04/21 02:59:37.945, 15021, 959, 2
2026/04/21 02:59:38.946, 15021, 959, 2
2026/04/21 02:59:39.948, 15021, 959, 2
2026/04/21 02:59:40.948, 15021, 959, 2
2026/04/21 02:59:41.949, 15021, 959, 5
2026/04/21 02:59:42.950, 15021, 959, 5
2026/04/21 02:59:43.951, 15021, 959, 2
2026/04/21 02:59:44.952, 15021, 959, 2
2026/04/21 02:59:45.954, 15021, 959, 5
2026/04/21 02:59:46.955, 15021, 959, 2
2026/04/21 02:59:47.956, 15021, 959, 2
2026/04/21 02:59:48.957, 15021, 959, 2
2026/04/21 02:59:49.958, 15021, 959, 2
2026/04/21 02:59:50.958, 15021, 959, 2
2026/04/21 02:59:51.959, 15021, 959, 5
2026/04/21 02:59:52.960, 15021, 959, 2
2026/04/21 02:59:53.960, 15021, 959, 2
2026/04/21 02:59:54.961, 15021, 959, 5
2026/04/21 02:59:55.962, 15021, 959, 2
2026/04/21 02:59:56.963, 15021, 959, 2
2026/04/21 02:59:57.964, 15021, 959, 2
2026/04/21 02:59:58.965, 15021, 959, 2
2026/04/21 02:59:59.965, 15021, 959, 2
2026/04/21 03:00:00.966, 15021, 959, 5
2026/04/21 03:00:01.969, 15021, 959, 2
2026/04/21 03:00:02.970, 15021, 959, 2
2026/04/21 03:00:03.970, 15021, 959, 2
2026/04/21 03:00:04.971, 15021, 959, 4
2026/04/21 03:00:05.972, 15021, 959, 2
2026/04/21 03:00:06.972, 15021, 959, 4
2026/04/21 03:00:07.973, 15021, 959, 2
2026/04/21 03:00:08.974, 15021, 959, 2
2026/04/21 03:00:11.964, 15021, 959, 4
2026/04/21 03:00:12.965, 15021, 959, 2
2026/04/21 03:00:13.966, 15021, 959, 2
2026/04/21 03:00:14.967, 15021, 959, 2
2026/04/21 03:00:15.968, 15021, 959, 2
2026/04/21 03:00:16.969, 15021, 959, 3
2026/04/21 03:00:17.970, 15021, 959, 2
2026/04/21 03:00:18.971, 15021, 959, 2
2026/04/21 03:00:19.972, 15021, 959, 2
2026/04/21 03:00:20.973, 15021, 959, 5
2026/04/21 03:00:21.974, 15021, 959, 2
2026/04/21 03:00:22.975, 15021, 959, 2
2026/04/21 03:00:23.976, 15021, 959, 2
2026/04/21 03:00:24.977, 15021, 959, 2
2026/04/21 03:00:25.980, 15021, 959, 2
2026/04/21 03:00:26.980, 15021, 959, 2
2026/04/21 03:00:27.983, 15021, 959, 2
2026/04/21 03:00:28.984, 15021, 959, 3
2026/04/21 03:00:29.985, 15021, 959, 2
2026/04/21 03:00:30.987, 15021, 959, 2
2026/04/21 03:00:31.988, 15021, 959, 2
2026/04/21 03:00:32.989, 15021, 959, 4
2026/04/21 03:00:33.990, 15021, 959, 2
2026/04/21 03:00:34.991, 15021, 959, 2
2026/04/21 03:00:35.992, 15021, 959, 2
2026/04/21 03:00:36.993, 15021, 959, 2
2026/04/21 03:00:37.993, 15021, 959, 2
2026/04/21 03:00:38.995, 15021, 959, 5
2026/04/21 03:00:39.996, 15021, 959, 5
2026/04/21 03:00:40.996, 15021, 959, 2
2026/04/21 03:00:41.997, 15021, 959, 2
2026/04/21 03:00:42.998, 15021, 959, 2
2026/04/21 03:00:45.979, 15021, 959, 2
2026/04/21 03:00:46.980, 15021, 959, 2
2026/04/21 03:00:47.981, 15021, 959, 3
2026/04/21 03:00:48.982, 15021, 959, 2
2026/04/21 03:00:49.983, 15021, 959, 2
2026/04/21 03:00:50.983, 15021, 959, 5
2026/04/21 03:00:51.984, 15021, 959, 5
2026/04/21 03:00:52.985, 15021, 959, 2
2026/04/21 03:00:53.986, 15021, 959, 2
2026/04/21 03:00:54.987, 15021, 959, 4
2026/04/21 03:00:55.988, 15021, 959, 2
2026/04/21 03:00:56.989, 15021, 959, 2
2026/04/21 03:00:57.994, 15021, 959, 5
2026/04/21 03:00:58.994, 15021, 959, 4
2026/04/21 03:00:59.995, 15021, 959, 2
2026/04/21 03:01:00.996, 15021, 959, 2
2026/04/21 03:01:01.997, 15021, 959, 2
2026/04/21 03:01:02.998, 15021, 959, 4
2026/04/21 03:01:03.999, 15021, 959, 5
2026/04/21 03:01:05.000, 15021, 959, 2
2026/04/21 03:01:06.001, 15021, 959, 2
2026/04/21 03:01:07.002, 15021, 959, 2
