2026/04/21 01:07:46.367, 15120, 860, 89
2026/04/21 01:07:47.370, 15120, 860, 0
2026/04/21 01:07:48.371, 15128, 852, 0
2026/04/21 01:07:49.372, 6604, 9376, 9
2026/04/21 01:07:50.372, 6618, 9362, 84
2026/04/21 01:07:51.372, 6618, 9362, 0
2026/04/21 01:07:53.998, 6130, 9850, 0
2026/04/21 01:07:54.999, 13786, 2194, 27
2026/04/21 01:07:55.999, 13916, 2064, 0
2026/04/21 01:07:57.000, 15268, 712, 0
2026/04/21 01:07:58.001, 15268, 712, 27
2026/04/21 01:07:59.001, 15268, 712, 0
2026/04/21 01:08:00.002, 15268, 712, 50
2026/04/21 01:08:01.002, 15268, 712, 51
2026/04/21 01:08:02.003, 15268, 712, 48
2026/04/21 01:08:03.003, 15268, 712, 50
2026/04/21 01:08:04.004, 15268, 712, 48
2026/04/21 01:08:05.004, 15268, 712, 49
2026/04/21 01:08:06.005, 15268, 712, 51
2026/04/21 01:08:07.006, 15268, 712, 40
2026/04/21 01:08:08.006, 15268, 712, 48
2026/04/21 01:08:09.007, 15268, 712, 47
2026/04/21 01:08:10.007, 15268, 712, 48
2026/04/21 01:08:11.008, 15268, 712, 49
2026/04/21 01:08:12.008, 15268, 712, 51
2026/04/21 01:08:13.009, 15268, 712, 51
2026/04/21 01:08:14.009, 15268, 712, 50
2026/04/21 01:08:15.010, 15268, 712, 49
2026/04/21 01:08:16.010, 15268, 712, 48
2026/04/21 01:08:17.011, 15268, 712, 48
2026/04/21 01:08:18.011, 15268, 712, 51
2026/04/21 01:08:19.012, 15268, 712, 52
2026/04/21 01:08:20.012, 15268, 712, 41
2026/04/21 01:08:21.014, 15268, 712, 50
2026/04/21 01:08:22.014, 15268, 712, 49
2026/04/21 01:08:23.015, 15268, 712, 50
2026/04/21 01:08:24.015, 15268, 712, 51
2026/04/21 01:08:25.016, 15268, 712, 51
2026/04/21 01:08:27.757, 15268, 712, 48
2026/04/21 01:08:28.772, 15268, 712, 49
2026/04/21 01:08:29.787, 15268, 712, 50
2026/04/21 01:08:30.789, 15268, 712, 44
2026/04/21 01:08:31.790, 15268, 712, 47
2026/04/21 01:08:32.790, 15268, 712, 46
2026/04/21 01:08:33.792, 15268, 712, 47
2026/04/21 01:08:34.792, 15268, 712, 44
2026/04/21 01:08:35.793, 15272, 708, 3
2026/04/21 01:08:36.794, 15272, 708, 3
2026/04/21 01:08:37.794, 15272, 708, 4
2026/04/21 01:08:38.796, 15272, 708, 4
2026/04/21 01:08:39.796, 15272, 708, 2
2026/04/21 01:08:40.797, 15272, 708, 4
2026/04/21 01:08:41.798, 15272, 708, 2
2026/04/21 01:08:42.798, 15272, 708, 4
2026/04/21 01:08:43.799, 15272, 708, 3
2026/04/21 01:08:44.799, 15272, 708, 48
2026/04/21 01:08:45.800, 15272, 708, 47
2026/04/21 01:08:46.800, 15272, 708, 50
2026/04/21 01:08:47.801, 15272, 708, 44
2026/04/21 01:08:48.801, 15272, 708, 45
2026/04/21 01:08:49.802, 15272, 708, 45
2026/04/21 01:08:50.803, 15272, 708, 49
2026/04/21 01:08:51.803, 15272, 708, 48
2026/04/21 01:08:52.804, 15274, 706, 45
2026/04/21 01:08:53.804, 15274, 706, 2
2026/04/21 01:08:54.805, 15274, 706, 2
2026/04/21 01:08:55.808, 15274, 706, 5
2026/04/21 01:08:56.809, 15244, 736, 2
2026/04/21 01:08:57.810, 15244, 736, 4
2026/04/21 01:08:58.811, 15243, 737, 5
2026/04/21 01:09:01.504, 15243, 737, 3
2026/04/21 01:09:02.520, 15243, 737, 5
2026/04/21 01:09:03.536, 15243, 737, 5
2026/04/21 01:09:04.537, 15243, 737, 4
2026/04/21 01:09:05.538, 15243, 737, 4
2026/04/21 01:09:06.539, 15243, 737, 45
2026/04/21 01:09:07.539, 15243, 737, 42
2026/04/21 01:09:08.540, 15243, 737, 47
2026/04/21 01:09:09.541, 15243, 737, 50
2026/04/21 01:09:10.542, 15243, 737, 49
2026/04/21 01:09:11.542, 15243, 737, 44
2026/04/21 01:09:12.543, 15243, 737, 47
2026/04/21 01:09:13.543, 15243, 737, 2
2026/04/21 01:09:14.544, 15243, 737, 2
2026/04/21 01:09:15.544, 15243, 737, 3
2026/04/21 01:09:16.546, 15243, 737, 2
2026/04/21 01:09:17.547, 15243, 737, 4
2026/04/21 01:09:18.548, 15243, 737, 2
2026/04/21 01:09:19.549, 15243, 737, 5
2026/04/21 01:09:20.550, 15243, 737, 5
2026/04/21 01:09:21.551, 15243, 737, 5
2026/04/21 01:09:22.552, 15243, 737, 3
2026/04/21 01:09:23.552, 15243, 737, 4
2026/04/21 01:09:24.555, 15243, 737, 48
2026/04/21 01:09:25.556, 15243, 737, 41
2026/04/21 01:09:26.557, 15243, 737, 46
2026/04/21 01:09:27.561, 15243, 737, 48
2026/04/21 01:09:28.561, 15243, 737, 50
2026/04/21 01:09:29.562, 15243, 737, 49
2026/04/21 01:09:30.562, 15243, 737, 50
2026/04/21 01:09:31.563, 15243, 737, 51
2026/04/21 01:09:32.564, 15243, 737, 49
2026/04/21 01:09:35.245, 15243, 737, 50
2026/04/21 01:09:36.263, 15243, 737, 47
2026/04/21 01:09:37.272, 15243, 737, 51
2026/04/21 01:09:38.273, 15243, 737, 50
2026/04/21 01:09:39.273, 15243, 737, 52
2026/04/21 01:09:40.274, 15243, 737, 44
2026/04/21 01:09:41.274, 15243, 737, 2
2026/04/21 01:09:42.275, 15243, 737, 4
2026/04/21 01:09:43.276, 15243, 737, 2
2026/04/21 01:09:44.276, 15243, 737, 3
2026/04/21 01:09:45.277, 15243, 737, 2
2026/04/21 01:09:46.278, 15243, 737, 2
2026/04/21 01:09:47.279, 15243, 737, 5
2026/04/21 01:09:48.279, 15243, 737, 4
2026/04/21 01:09:49.280, 15243, 737, 3
2026/04/21 01:09:50.281, 15243, 737, 5
2026/04/21 01:09:51.281, 15243, 737, 3
2026/04/21 01:09:52.282, 15243, 737, 2
2026/04/21 01:09:53.283, 15243, 737, 5
2026/04/21 01:09:54.283, 15243, 737, 5
2026/04/21 01:09:55.287, 15243, 737, 3
2026/04/21 01:09:56.288, 15243, 737, 5
2026/04/21 01:09:57.289, 15243, 737, 3
2026/04/21 01:09:58.289, 15242, 738, 3
2026/04/21 01:09:59.290, 15242, 738, 3
2026/04/21 01:10:00.291, 15242, 738, 3
2026/04/21 01:10:01.292, 15242, 738, 4
2026/04/21 01:10:02.292, 15242, 738, 5
2026/04/21 01:10:03.293, 15242, 738, 2
2026/04/21 01:10:04.295, 15242, 738, 5
2026/04/21 01:10:05.295, 15242, 738, 2
2026/04/21 01:10:06.296, 15242, 738, 2
2026/04/21 01:10:07.313, 15242, 738, 5
2026/04/21 01:10:09.993, 15242, 738, 2
2026/04/21 01:10:11.009, 15242, 738, 5
2026/04/21 01:10:12.011, 15242, 738, 5
2026/04/21 01:10:13.013, 15242, 738, 2
2026/04/21 01:10:14.013, 15242, 738, 2
2026/04/21 01:10:15.014, 15242, 738, 5
2026/04/21 01:10:16.015, 15242, 738, 4
2026/04/21 01:10:17.015, 15242, 738, 2
2026/04/21 01:10:18.016, 15242, 738, 5
2026/04/21 01:10:19.017, 15242, 738, 5
2026/04/21 01:10:20.017, 15242, 738, 3
2026/04/21 01:10:21.018, 15242, 738, 2
2026/04/21 01:10:22.019, 15242, 738, 4
2026/04/21 01:10:23.019, 15242, 738, 2
2026/04/21 01:10:24.020, 15242, 738, 2
2026/04/21 01:10:25.021, 15242, 738, 4
2026/04/21 01:10:26.021, 15242, 738, 2
2026/04/21 01:10:27.023, 15242, 738, 2
2026/04/21 01:10:28.024, 15242, 738, 2
2026/04/21 01:10:29.024, 15242, 738, 5
2026/04/21 01:10:30.025, 15242, 738, 5
2026/04/21 01:10:31.026, 15242, 738, 5
2026/04/21 01:10:32.027, 15242, 738, 2
2026/04/21 01:10:33.027, 15242, 738, 2
2026/04/21 01:10:34.028, 15242, 738, 3
2026/04/21 01:10:35.030, 15242, 738, 5
2026/04/21 01:10:36.030, 15242, 738, 3
2026/04/21 01:10:37.031, 15242, 738, 2
2026/04/21 01:10:38.032, 15242, 738, 5
2026/04/21 01:10:39.033, 15242, 738, 2
2026/04/21 01:10:40.034, 15242, 738, 2
2026/04/21 01:10:41.049, 15242, 738, 5
2026/04/21 01:10:43.721, 15242, 738, 4
2026/04/21 01:10:44.736, 15242, 738, 3
2026/04/21 01:10:45.738, 15242, 738, 5
2026/04/21 01:10:46.739, 15242, 738, 3
2026/04/21 01:10:47.739, 15242, 738, 5
2026/04/21 01:10:48.740, 15242, 738, 2
2026/04/21 01:10:49.741, 15242, 738, 5
2026/04/21 01:10:50.742, 15242, 738, 4
2026/04/21 01:10:51.743, 15242, 738, 2
2026/04/21 01:10:52.744, 15242, 738, 5
2026/04/21 01:10:53.745, 15242, 738, 4
2026/04/21 01:10:54.745, 15242, 738, 2
2026/04/21 01:10:55.746, 15242, 738, 4
2026/04/21 01:10:56.747, 15242, 738, 4
2026/04/21 01:10:57.748, 15242, 738, 3
2026/04/21 01:10:58.749, 15242, 738, 5
2026/04/21 01:10:59.750, 15242, 738, 3
2026/04/21 01:11:00.750, 15242, 738, 5
2026/04/21 01:11:01.751, 15242, 738, 4
2026/04/21 01:11:02.752, 15242, 738, 4
2026/04/21 01:11:03.753, 15242, 738, 5
2026/04/21 01:11:04.753, 15242, 738, 2
2026/04/21 01:11:05.754, 15242, 738, 5
2026/04/21 01:11:06.755, 15242, 738, 5
2026/04/21 01:11:07.756, 15242, 738, 4
2026/04/21 01:11:08.757, 15242, 738, 2
2026/04/21 01:11:09.758, 15242, 738, 3
2026/04/21 01:11:10.759, 15242, 738, 3
2026/04/21 01:11:11.760, 15242, 738, 5
2026/04/21 01:11:12.761, 15242, 738, 4
2026/04/21 01:11:13.762, 15242, 738, 2
2026/04/21 01:11:14.782, 15242, 738, 5
2026/04/21 01:11:17.445, 15242, 738, 2
2026/04/21 01:11:18.459, 15242, 738, 4
2026/04/21 01:11:19.460, 15242, 738, 3
2026/04/21 01:11:20.461, 15242, 738, 5
2026/04/21 01:11:21.462, 15242, 738, 2
2026/04/21 01:11:22.462, 15242, 738, 3
2026/04/21 01:11:23.463, 15242, 738, 3
2026/04/21 01:11:24.464, 15242, 738, 4
2026/04/21 01:11:25.465, 15242, 738, 4
2026/04/21 01:11:26.466, 15242, 738, 2
2026/04/21 01:11:27.467, 15242, 738, 4
2026/04/21 01:11:28.468, 15242, 738, 3
2026/04/21 01:11:29.472, 15242, 738, 2
2026/04/21 01:11:30.473, 15242, 738, 3
2026/04/21 01:11:31.474, 15242, 738, 5
2026/04/21 01:11:32.475, 15242, 738, 2
2026/04/21 01:11:33.475, 15242, 738, 5
2026/04/21 01:11:34.478, 15242, 738, 2
2026/04/21 01:11:35.478, 15242, 738, 2
2026/04/21 01:11:36.479, 15242, 738, 4
2026/04/21 01:11:37.480, 15242, 738, 5
2026/04/21 01:11:38.480, 15242, 738, 3
2026/04/21 01:11:39.481, 15242, 738, 3
2026/04/21 01:11:40.482, 15242, 738, 5
2026/04/21 01:11:41.482, 15242, 738, 3
2026/04/21 01:11:42.483, 15242, 738, 3
2026/04/21 01:11:43.484, 15242, 738, 3
2026/04/21 01:11:44.485, 15242, 738, 3
2026/04/21 01:11:45.485, 15242, 738, 4
2026/04/21 01:11:46.486, 15242, 738, 3
2026/04/21 01:11:47.487, 15242, 738, 5
2026/04/21 01:11:48.502, 15242, 738, 3
2026/04/21 01:11:51.169, 15242, 738, 5
2026/04/21 01:11:52.185, 15242, 738, 2
2026/04/21 01:11:53.186, 15242, 738, 5
2026/04/21 01:11:54.186, 15242, 738, 4
2026/04/21 01:11:55.188, 15242, 738, 3
2026/04/21 01:11:56.188, 15242, 738, 5
2026/04/21 01:11:57.189, 15242, 738, 3
2026/04/21 01:11:58.190, 15242, 738, 5
2026/04/21 01:11:59.190, 15242, 738, 2
2026/04/21 01:12:00.191, 15242, 738, 2
2026/04/21 01:12:01.192, 15242, 738, 5
2026/04/21 01:12:02.194, 15242, 738, 3
2026/04/21 01:12:03.194, 15242, 738, 3
2026/04/21 01:12:04.197, 15242, 738, 5
2026/04/21 01:12:05.198, 15242, 738, 5
2026/04/21 01:12:06.199, 15242, 738, 2
2026/04/21 01:12:07.200, 15242, 738, 2
2026/04/21 01:12:08.200, 15242, 738, 3
2026/04/21 01:12:09.203, 15242, 738, 2
2026/04/21 01:12:10.203, 15242, 738, 2
2026/04/21 01:12:11.204, 15242, 738, 5
2026/04/21 01:12:12.205, 15242, 738, 4
2026/04/21 01:12:13.205, 15242, 738, 5
2026/04/21 01:12:14.209, 15242, 738, 5
2026/04/21 01:12:15.210, 15242, 738, 3
2026/04/21 01:12:16.210, 15242, 738, 3
2026/04/21 01:12:17.211, 15242, 738, 5
2026/04/21 01:12:18.212, 15242, 738, 2
2026/04/21 01:12:19.213, 15242, 738, 3
2026/04/21 01:12:20.214, 15242, 738, 3
2026/04/21 01:12:21.214, 15242, 738, 2
2026/04/21 01:12:22.239, 15242, 738, 5
2026/04/21 01:12:24.886, 15242, 738, 3
2026/04/21 01:12:25.887, 15242, 738, 5
2026/04/21 01:12:26.888, 15242, 738, 4
2026/04/21 01:12:27.888, 15242, 738, 5
2026/04/21 01:12:28.889, 15242, 738, 4
2026/04/21 01:12:29.890, 15242, 738, 2
2026/04/21 01:12:30.891, 15242, 738, 4
2026/04/21 01:12:31.892, 15242, 738, 4
2026/04/21 01:12:32.892, 15242, 738, 5
2026/04/21 01:12:33.893, 15242, 738, 2
2026/04/21 01:12:34.894, 15242, 738, 4
2026/04/21 01:12:35.895, 15242, 738, 2
2026/04/21 01:12:36.895, 15242, 738, 4
2026/04/21 01:12:37.896, 15242, 738, 2
2026/04/21 01:12:38.902, 15242, 738, 4
2026/04/21 01:12:39.903, 15242, 738, 5
2026/04/21 01:12:40.903, 15242, 738, 2
2026/04/21 01:12:41.904, 15242, 738, 4
2026/04/21 01:12:42.905, 15242, 738, 2
2026/04/21 01:12:43.906, 15242, 738, 5
2026/04/21 01:12:44.907, 15242, 738, 5
2026/04/21 01:12:45.908, 15242, 738, 2
2026/04/21 01:12:46.909, 15242, 738, 5
2026/04/21 01:12:47.909, 15242, 738, 5
2026/04/21 01:12:48.910, 15242, 738, 2
2026/04/21 01:12:49.911, 15242, 738, 2
2026/04/21 01:12:50.912, 15242, 738, 2
2026/04/21 01:12:51.913, 15242, 738, 5
2026/04/21 01:12:52.913, 15242, 738, 5
2026/04/21 01:12:53.914, 15242, 738, 2
2026/04/21 01:12:54.915, 15242, 738, 5
2026/04/21 01:12:55.916, 15242, 738, 4
2026/04/21 01:12:58.720, 15242, 738, 2
2026/04/21 01:12:59.721, 15242, 738, 4
2026/04/21 01:13:00.722, 15242, 738, 3
2026/04/21 01:13:01.723, 15242, 738, 5
2026/04/21 01:13:02.724, 15242, 738, 3
2026/04/21 01:13:03.725, 15242, 738, 4
2026/04/21 01:13:04.725, 15242, 738, 5
2026/04/21 01:13:05.726, 15242, 738, 2
2026/04/21 01:13:06.727, 15242, 738, 5
2026/04/21 01:13:07.728, 15242, 738, 2
2026/04/21 01:13:08.728, 15242, 738, 2
2026/04/21 01:13:09.729, 15242, 738, 4
2026/04/21 01:13:10.730, 15242, 738, 5
2026/04/21 01:13:11.731, 15242, 738, 4
2026/04/21 01:13:12.732, 15242, 738, 5
2026/04/21 01:13:13.732, 15242, 738, 3
2026/04/21 01:13:14.733, 15242, 738, 4
2026/04/21 01:13:15.734, 15242, 738, 2
2026/04/21 01:13:16.736, 15242, 738, 4
2026/04/21 01:13:17.737, 15242, 738, 2
2026/04/21 01:13:18.738, 15242, 738, 5
2026/04/21 01:13:19.738, 15242, 738, 5
2026/04/21 01:13:20.743, 15242, 738, 5
2026/04/21 01:13:21.743, 15242, 738, 3
2026/04/21 01:13:22.744, 15242, 738, 5
2026/04/21 01:13:23.745, 15242, 738, 4
2026/04/21 01:13:24.746, 15242, 738, 4
2026/04/21 01:13:25.748, 15242, 738, 2
2026/04/21 01:13:26.748, 15242, 738, 5
2026/04/21 01:13:27.749, 15242, 738, 2
2026/04/21 01:13:28.750, 15242, 738, 5
2026/04/21 01:13:29.751, 15242, 738, 2
2026/04/21 01:13:30.752, 15242, 738, 3
2026/04/21 01:13:33.343, 15242, 738, 2
2026/04/21 01:13:34.346, 15242, 738, 2
2026/04/21 01:13:35.347, 15242, 738, 2
2026/04/21 01:13:36.349, 15242, 738, 4
2026/04/21 01:13:37.350, 15242, 738, 2
2026/04/21 01:13:38.350, 15242, 738, 5
2026/04/21 01:13:39.351, 15242, 738, 5
2026/04/21 01:13:40.352, 15242, 738, 3
2026/04/21 01:13:41.353, 15242, 738, 3
2026/04/21 01:13:42.355, 15242, 738, 5
2026/04/21 01:13:43.356, 15242, 738, 3
2026/04/21 01:13:44.356, 15242, 738, 2
2026/04/21 01:13:45.357, 15242, 738, 5
2026/04/21 01:13:46.358, 15242, 738, 2
2026/04/21 01:13:47.359, 15242, 738, 5
2026/04/21 01:13:48.359, 15242, 738, 5
2026/04/21 01:13:49.360, 15242, 738, 4
2026/04/21 01:13:50.361, 15242, 738, 2
2026/04/21 01:13:51.362, 15242, 738, 5
2026/04/21 01:13:52.362, 15242, 738, 5
2026/04/21 01:13:53.364, 15242, 738, 3
2026/04/21 01:13:54.365, 15242, 738, 3
2026/04/21 01:13:55.366, 15242, 738, 5
2026/04/21 01:13:56.367, 15242, 738, 3
2026/04/21 01:13:57.367, 15242, 738, 2
2026/04/21 01:13:58.368, 15242, 738, 3
2026/04/21 01:13:59.369, 15242, 738, 2
2026/04/21 01:14:00.369, 15242, 738, 3
2026/04/21 01:14:01.370, 15242, 738, 3
2026/04/21 01:14:02.371, 15242, 738, 5
2026/04/21 01:14:03.371, 15242, 738, 3
2026/04/21 01:14:04.372, 15242, 738, 3
2026/04/21 01:14:06.971, 15242, 738, 3
2026/04/21 01:14:07.972, 15242, 738, 4
2026/04/21 01:14:08.973, 15242, 738, 5
2026/04/21 01:14:09.973, 15242, 738, 3
2026/04/21 01:14:10.974, 15242, 738, 2
2026/04/21 01:14:11.975, 15242, 738, 2
2026/04/21 01:14:12.976, 15242, 738, 5
2026/04/21 01:14:13.981, 15242, 738, 2
2026/04/21 01:14:14.982, 15242, 738, 3
2026/04/21 01:14:15.983, 15242, 738, 4
2026/04/21 01:14:16.984, 15242, 738, 5
2026/04/21 01:14:17.985, 15242, 738, 2
2026/04/21 01:14:18.985, 15242, 738, 2
2026/04/21 01:14:19.986, 15242, 738, 5
2026/04/21 01:14:20.987, 15242, 738, 5
2026/04/21 01:14:21.988, 15242, 738, 5
2026/04/21 01:14:22.989, 15242, 738, 2
2026/04/21 01:14:23.989, 15242, 738, 2
2026/04/21 01:14:24.990, 15242, 738, 2
2026/04/21 01:14:25.991, 15242, 738, 2
2026/04/21 01:14:26.992, 15242, 738, 4
2026/04/21 01:14:27.992, 15242, 738, 3
2026/04/21 01:14:28.993, 15242, 738, 4
2026/04/21 01:14:29.996, 15242, 738, 5
2026/04/21 01:14:30.997, 15242, 738, 4
2026/04/21 01:14:31.998, 15242, 738, 3
2026/04/21 01:14:32.999, 15242, 738, 2
2026/04/21 01:14:33.999, 15242, 738, 2
2026/04/21 01:14:35.003, 15242, 738, 4
2026/04/21 01:14:36.004, 15242, 738, 2
2026/04/21 01:14:37.005, 15242, 738, 2
2026/04/21 01:14:38.005, 15242, 738, 2
2026/04/21 01:14:40.606, 15242, 738, 5
2026/04/21 01:14:41.607, 15242, 738, 2
2026/04/21 01:14:42.608, 15242, 738, 5
2026/04/21 01:14:43.609, 15242, 738, 5
2026/04/21 01:14:44.609, 15242, 738, 3
2026/04/21 01:14:45.610, 15242, 738, 5
2026/04/21 01:14:46.611, 15242, 738, 5
2026/04/21 01:14:47.612, 15242, 738, 2
2026/04/21 01:14:48.613, 15242, 738, 5
2026/04/21 01:14:49.614, 15242, 738, 3
2026/04/21 01:14:50.614, 15242, 738, 5
2026/04/21 01:14:51.615, 15242, 738, 5
2026/04/21 01:14:52.616, 15242, 738, 4
2026/04/21 01:14:53.617, 15242, 738, 4
2026/04/21 01:14:54.618, 15242, 738, 5
2026/04/21 01:14:55.619, 15242, 738, 5
2026/04/21 01:14:56.620, 15242, 738, 3
2026/04/21 01:14:57.621, 15242, 738, 3
2026/04/21 01:14:58.625, 15242, 738, 3
2026/04/21 01:14:59.626, 15242, 738, 2
2026/04/21 01:15:00.626, 15242, 738, 2
2026/04/21 01:15:01.627, 15242, 738, 3
2026/04/21 01:15:02.628, 15242, 738, 3
2026/04/21 01:15:03.629, 15242, 738, 2
2026/04/21 01:15:04.630, 15242, 738, 2
2026/04/21 01:15:05.631, 15242, 738, 2
2026/04/21 01:15:06.632, 15242, 738, 5
2026/04/21 01:15:07.633, 15242, 738, 3
2026/04/21 01:15:08.634, 15242, 738, 3
2026/04/21 01:15:09.635, 15242, 738, 2
2026/04/21 01:15:10.635, 15242, 738, 2
2026/04/21 01:15:11.640, 15242, 738, 3
2026/04/21 01:15:14.243, 15242, 738, 3
2026/04/21 01:15:15.244, 15242, 738, 3
2026/04/21 01:15:16.245, 15242, 738, 5
2026/04/21 01:15:17.246, 15242, 738, 3
2026/04/21 01:15:18.246, 15242, 738, 2
2026/04/21 01:15:19.247, 15242, 738, 3
2026/04/21 01:15:20.248, 15242, 738, 5
2026/04/21 01:15:21.248, 15242, 738, 3
2026/04/21 01:15:22.249, 15242, 738, 5
2026/04/21 01:15:23.250, 15242, 738, 5
2026/04/21 01:15:24.251, 15242, 738, 2
2026/04/21 01:15:25.252, 15242, 738, 5
2026/04/21 01:15:26.253, 15242, 738, 2
2026/04/21 01:15:27.254, 15242, 738, 2
2026/04/21 01:15:28.254, 15242, 738, 3
2026/04/21 01:15:29.257, 15242, 738, 5
2026/04/21 01:15:30.258, 15242, 738, 3
2026/04/21 01:15:31.259, 15242, 738, 3
2026/04/21 01:15:32.260, 15242, 738, 5
2026/04/21 01:15:33.260, 15242, 738, 3
2026/04/21 01:15:34.261, 15242, 738, 5
2026/04/21 01:15:35.262, 15242, 738, 4
2026/04/21 01:15:36.263, 15242, 738, 5
2026/04/21 01:15:37.264, 15242, 738, 2
2026/04/21 01:15:38.264, 15242, 738, 5
2026/04/21 01:15:39.265, 15242, 738, 5
2026/04/21 01:15:40.266, 15242, 738, 2
2026/04/21 01:15:41.266, 15242, 738, 5
2026/04/21 01:15:42.267, 15242, 738, 5
2026/04/21 01:15:43.272, 15242, 738, 3
2026/04/21 01:15:44.272, 15242, 738, 3
2026/04/21 01:15:45.273, 15242, 738, 4
2026/04/21 01:15:46.274, 15242, 738, 5
2026/04/21 01:15:48.877, 15242, 738, 4
2026/04/21 01:15:49.878, 15242, 738, 2
2026/04/21 01:15:50.879, 15242, 738, 3
2026/04/21 01:15:51.880, 15242, 738, 5
2026/04/21 01:15:52.881, 15242, 738, 3
2026/04/21 01:15:53.882, 15242, 738, 2
2026/04/21 01:15:54.885, 15242, 738, 3
2026/04/21 01:15:55.885, 15242, 738, 3
2026/04/21 01:15:56.886, 15242, 738, 3
2026/04/21 01:15:57.887, 15242, 738, 3
2026/04/21 01:15:58.888, 15242, 738, 2
2026/04/21 01:15:59.889, 15242, 738, 2
2026/04/21 01:16:00.889, 15242, 738, 2
2026/04/21 01:16:01.890, 15242, 738, 2
2026/04/21 01:16:02.891, 15242, 738, 3
2026/04/21 01:16:03.892, 15242, 738, 2
2026/04/21 01:16:04.894, 15242, 738, 2
2026/04/21 01:16:05.895, 15242, 738, 2
2026/04/21 01:16:06.896, 15242, 738, 2
2026/04/21 01:16:07.897, 15242, 738, 3
2026/04/21 01:16:08.897, 15242, 738, 3
2026/04/21 01:16:09.898, 15242, 738, 3
2026/04/21 01:16:10.899, 15242, 738, 2
2026/04/21 01:16:11.900, 15242, 738, 4
2026/04/21 01:16:12.901, 15242, 738, 5
2026/04/21 01:16:13.902, 15242, 738, 2
2026/04/21 01:16:14.903, 15242, 738, 4
2026/04/21 01:16:15.904, 15242, 738, 5
2026/04/21 01:16:16.908, 15242, 738, 4
2026/04/21 01:16:17.909, 15242, 738, 4
2026/04/21 01:16:18.909, 15242, 738, 4
2026/04/21 01:16:19.910, 15242, 738, 3
2026/04/21 01:16:22.516, 15242, 738, 3
2026/04/21 01:16:23.516, 15242, 738, 3
2026/04/21 01:16:24.517, 15242, 738, 3
2026/04/21 01:16:25.518, 15242, 738, 3
2026/04/21 01:16:26.519, 15242, 738, 5
2026/04/21 01:16:27.520, 15242, 738, 4
2026/04/21 01:16:28.521, 15242, 738, 3
2026/04/21 01:16:29.522, 15242, 738, 2
2026/04/21 01:16:30.523, 15242, 738, 3
2026/04/21 01:16:31.523, 15242, 738, 3
2026/04/21 01:16:32.524, 15242, 738, 3
2026/04/21 01:16:33.525, 15242, 738, 2
2026/04/21 01:16:34.526, 15242, 738, 4
2026/04/21 01:16:35.527, 15242, 738, 3
2026/04/21 01:16:36.527, 15242, 738, 5
2026/04/21 01:16:37.528, 15242, 738, 5
2026/04/21 01:16:38.529, 15242, 738, 3
2026/04/21 01:16:39.530, 15242, 738, 3
2026/04/21 01:16:40.531, 15242, 738, 2
2026/04/21 01:16:41.532, 15242, 738, 3
2026/04/21 01:16:42.532, 15242, 738, 5
2026/04/21 01:16:43.533, 15242, 738, 2
2026/04/21 01:16:44.534, 15242, 738, 5
2026/04/21 01:16:45.535, 15242, 738, 5
2026/04/21 01:16:46.536, 15242, 738, 4
2026/04/21 01:16:47.536, 15242, 738, 3
2026/04/21 01:16:48.537, 15242, 738, 4
2026/04/21 01:16:49.538, 15242, 738, 3
2026/04/21 01:16:50.539, 15242, 738, 3
2026/04/21 01:16:51.540, 15242, 738, 5
2026/04/21 01:16:52.541, 15242, 738, 5
2026/04/21 01:16:53.541, 15242, 738, 5
2026/04/21 01:16:56.146, 15242, 738, 3
2026/04/21 01:16:57.147, 15242, 738, 5
2026/04/21 01:16:58.148, 15242, 738, 3
2026/04/21 01:16:59.149, 15242, 738, 3
2026/04/21 01:17:00.149, 15242, 738, 5
2026/04/21 01:17:01.150, 15242, 738, 2
2026/04/21 01:17:02.151, 15242, 738, 2
2026/04/21 01:17:03.152, 15242, 738, 2
2026/04/21 01:17:04.153, 15242, 738, 5
2026/04/21 01:17:05.154, 15242, 738, 4
2026/04/21 01:17:06.155, 15242, 738, 5
2026/04/21 01:17:07.157, 15242, 738, 3
2026/04/21 01:17:08.158, 15242, 738, 2
2026/04/21 01:17:09.158, 15242, 738, 5
2026/04/21 01:17:10.159, 15242, 738, 5
2026/04/21 01:17:11.160, 15242, 738, 5
2026/04/21 01:17:12.160, 15242, 738, 2
2026/04/21 01:17:13.172, 15242, 738, 5
2026/04/21 01:17:14.173, 15242, 738, 5
2026/04/21 01:17:15.174, 15242, 738, 5
2026/04/21 01:17:16.174, 15242, 738, 5
2026/04/21 01:17:17.176, 15242, 738, 5
2026/04/21 01:17:18.177, 15242, 738, 2
2026/04/21 01:17:19.177, 15242, 738, 5
2026/04/21 01:17:20.178, 15242, 738, 2
2026/04/21 01:17:21.179, 15242, 738, 4
2026/04/21 01:17:22.180, 15242, 738, 2
2026/04/21 01:17:23.180, 15242, 738, 2
2026/04/21 01:17:24.181, 15242, 738, 5
2026/04/21 01:17:25.182, 15242, 738, 5
2026/04/21 01:17:26.183, 15242, 738, 5
2026/04/21 01:17:27.184, 15242, 738, 5
2026/04/21 01:17:29.790, 15242, 738, 2
2026/04/21 01:17:30.791, 15242, 738, 2
2026/04/21 01:17:31.792, 15242, 738, 2
2026/04/21 01:17:32.793, 15242, 738, 2
2026/04/21 01:17:33.793, 15242, 738, 5
2026/04/21 01:17:34.794, 15242, 738, 5
2026/04/21 01:17:35.795, 15242, 738, 5
2026/04/21 01:17:36.796, 15242, 738, 3
2026/04/21 01:17:37.797, 15242, 738, 5
2026/04/21 01:17:38.797, 15242, 738, 5
2026/04/21 01:17:39.799, 15242, 738, 4
2026/04/21 01:17:40.799, 15242, 738, 5
2026/04/21 01:17:41.800, 15242, 738, 2
2026/04/21 01:17:42.801, 15242, 738, 2
2026/04/21 01:17:43.802, 15242, 738, 5
2026/04/21 01:17:44.803, 15242, 738, 3
2026/04/21 01:17:45.805, 15242, 738, 5
2026/04/21 01:17:46.807, 15242, 738, 3
2026/04/21 01:17:47.808, 15242, 738, 5
2026/04/21 01:17:48.809, 15242, 738, 2
2026/04/21 01:17:49.810, 15242, 738, 5
2026/04/21 01:17:50.811, 15242, 738, 5
2026/04/21 01:17:51.812, 15242, 738, 3
2026/04/21 01:17:52.812, 15242, 738, 2
2026/04/21 01:17:53.813, 15242, 738, 5
2026/04/21 01:17:54.814, 15242, 738, 5
2026/04/21 01:17:55.815, 15242, 738, 4
2026/04/21 01:17:56.816, 15242, 738, 3
2026/04/21 01:17:57.816, 15242, 738, 4
2026/04/21 01:17:58.817, 15242, 738, 5
2026/04/21 01:17:59.818, 15242, 738, 5
2026/04/21 01:18:00.819, 15242, 738, 5
2026/04/21 01:18:03.425, 15242, 738, 3
2026/04/21 01:18:04.426, 15242, 738, 3
2026/04/21 01:18:05.427, 15242, 738, 5
2026/04/21 01:18:06.428, 15242, 738, 2
2026/04/21 01:18:07.429, 15242, 738, 5
2026/04/21 01:18:08.429, 15242, 738, 5
2026/04/21 01:18:09.430, 15242, 738, 5
2026/04/21 01:18:10.431, 15242, 738, 4
2026/04/21 01:18:11.432, 15242, 738, 2
2026/04/21 01:18:12.433, 15242, 738, 3
2026/04/21 01:18:13.433, 15242, 738, 3
2026/04/21 01:18:14.434, 15242, 738, 5
2026/04/21 01:18:15.435, 15242, 738, 3
2026/04/21 01:18:16.436, 15242, 738, 2
2026/04/21 01:18:17.438, 15242, 738, 2
2026/04/21 01:18:18.439, 15242, 738, 5
2026/04/21 01:18:19.440, 15242, 738, 5
2026/04/21 01:18:20.441, 15242, 738, 3
2026/04/21 01:18:21.441, 15242, 738, 3
2026/04/21 01:18:22.442, 15242, 738, 5
2026/04/21 01:18:23.443, 15242, 738, 3
2026/04/21 01:18:24.444, 15242, 738, 2
2026/04/21 01:18:25.444, 15242, 738, 2
2026/04/21 01:18:26.445, 15242, 738, 5
2026/04/21 01:18:27.446, 15242, 738, 5
2026/04/21 01:18:28.447, 15242, 738, 3
2026/04/21 01:18:29.448, 15242, 738, 3
2026/04/21 01:18:30.449, 15242, 738, 4
2026/04/21 01:18:31.449, 15242, 738, 5
2026/04/21 01:18:32.450, 15242, 738, 5
2026/04/21 01:18:33.451, 15242, 738, 5
2026/04/21 01:18:34.452, 15242, 738, 3
2026/04/21 01:18:35.452, 15242, 738, 3
2026/04/21 01:18:38.057, 15242, 738, 2
2026/04/21 01:18:39.058, 15242, 738, 5
2026/04/21 01:18:40.059, 15242, 738, 2
2026/04/21 01:18:41.060, 15242, 738, 3
2026/04/21 01:18:42.060, 15242, 738, 2
2026/04/21 01:18:43.062, 15242, 738, 2
2026/04/21 01:18:44.063, 15242, 738, 2
2026/04/21 01:18:45.066, 15242, 738, 5
2026/04/21 01:18:46.067, 15242, 738, 5
2026/04/21 01:18:47.068, 15242, 738, 2
2026/04/21 01:18:48.069, 15242, 738, 2
2026/04/21 01:18:49.069, 15242, 738, 5
2026/04/21 01:18:50.070, 15242, 738, 5
2026/04/21 01:18:51.071, 15242, 738, 3
2026/04/21 01:18:52.074, 15242, 738, 3
2026/04/21 01:18:53.079, 15242, 738, 2
2026/04/21 01:18:54.080, 15242, 738, 2
2026/04/21 01:18:55.080, 15242, 738, 3
2026/04/21 01:18:56.081, 15242, 738, 5
2026/04/21 01:18:57.082, 15242, 738, 4
2026/04/21 01:18:58.087, 15242, 738, 3
2026/04/21 01:18:59.088, 15242, 738, 2
2026/04/21 01:19:00.088, 15242, 738, 5
2026/04/21 01:19:01.089, 15242, 738, 2
2026/04/21 01:19:02.090, 15242, 738, 2
2026/04/21 01:19:03.091, 15242, 738, 5
2026/04/21 01:19:04.092, 15242, 738, 3
2026/04/21 01:19:05.092, 15242, 738, 3
2026/04/21 01:19:06.093, 15242, 738, 2
2026/04/21 01:19:07.094, 15242, 738, 3
2026/04/21 01:19:08.094, 15242, 738, 5
2026/04/21 01:19:09.095, 15242, 738, 5
2026/04/21 01:19:11.697, 15242, 738, 2
2026/04/21 01:19:12.698, 15242, 738, 2
2026/04/21 01:19:13.699, 15242, 738, 2
2026/04/21 01:19:14.699, 15242, 738, 2
2026/04/21 01:19:15.700, 15242, 738, 3
2026/04/21 01:19:16.701, 15242, 738, 3
2026/04/21 01:19:17.702, 15242, 738, 3
2026/04/21 01:19:18.702, 15242, 738, 2
2026/04/21 01:19:19.703, 15242, 738, 2
2026/04/21 01:19:20.704, 15242, 738, 2
2026/04/21 01:19:21.707, 15242, 738, 3
2026/04/21 01:19:22.707, 15242, 738, 3
2026/04/21 01:19:23.708, 15242, 738, 3
2026/04/21 01:19:24.709, 15242, 738, 5
2026/04/21 01:19:25.710, 15242, 738, 4
2026/04/21 01:19:26.711, 15242, 738, 5
2026/04/21 01:19:27.712, 15242, 738, 5
2026/04/21 01:19:28.713, 15242, 738, 3
2026/04/21 01:19:29.713, 15242, 738, 5
2026/04/21 01:19:30.721, 15242, 738, 5
2026/04/21 01:19:31.722, 15242, 738, 3
2026/04/21 01:19:32.723, 15242, 738, 5
2026/04/21 01:19:33.723, 15242, 738, 5
2026/04/21 01:19:34.724, 15242, 738, 3
2026/04/21 01:19:35.726, 15242, 738, 3
2026/04/21 01:19:36.727, 15242, 738, 3
2026/04/21 01:19:37.727, 15242, 738, 3
2026/04/21 01:19:38.728, 15242, 738, 2
2026/04/21 01:19:39.729, 15242, 738, 3
2026/04/21 01:19:40.731, 15242, 738, 3
2026/04/21 01:19:41.732, 15242, 738, 2
2026/04/21 01:19:42.732, 15242, 738, 3
2026/04/21 01:19:45.428, 15242, 738, 2
2026/04/21 01:19:46.429, 15242, 738, 3
2026/04/21 01:19:47.430, 15242, 738, 3
2026/04/21 01:19:48.431, 15242, 738, 4
2026/04/21 01:19:49.431, 15242, 738, 4
2026/04/21 01:19:50.432, 15242, 738, 2
2026/04/21 01:19:51.433, 15242, 738, 5
2026/04/21 01:19:52.434, 15242, 738, 3
2026/04/21 01:19:53.434, 15242, 738, 3
2026/04/21 01:19:54.435, 15242, 738, 2
2026/04/21 01:19:55.436, 15242, 738, 5
2026/04/21 01:19:56.440, 15242, 738, 5
2026/04/21 01:19:57.440, 15242, 738, 5
2026/04/21 01:19:58.441, 15242, 738, 3
2026/04/21 01:19:59.442, 15242, 738, 5
2026/04/21 01:20:00.443, 15242, 738, 4
2026/04/21 01:20:01.443, 15242, 738, 5
2026/04/21 01:20:02.444, 15242, 738, 4
2026/04/21 01:20:03.445, 15242, 738, 3
2026/04/21 01:20:04.446, 15242, 738, 3
2026/04/21 01:20:05.447, 15242, 738, 5
2026/04/21 01:20:06.448, 15242, 738, 4
2026/04/21 01:20:07.449, 15242, 738, 4
2026/04/21 01:20:08.449, 15242, 738, 4
2026/04/21 01:20:09.450, 15242, 738, 4
2026/04/21 01:20:10.451, 15242, 738, 2
2026/04/21 01:20:11.452, 15242, 738, 4
2026/04/21 01:20:12.453, 15242, 738, 4
2026/04/21 01:20:13.454, 15242, 738, 4
2026/04/21 01:20:14.455, 15242, 738, 4
2026/04/21 01:20:15.456, 15242, 738, 2
2026/04/21 01:20:16.457, 15242, 738, 4
2026/04/21 01:20:19.086, 15242, 738, 2
2026/04/21 01:20:20.086, 15242, 738, 4
2026/04/21 01:20:21.087, 15242, 738, 2
2026/04/21 01:20:22.088, 15242, 738, 2
2026/04/21 01:20:23.089, 15242, 738, 2
2026/04/21 01:20:24.090, 15242, 738, 2
2026/04/21 01:20:25.090, 15242, 738, 2
2026/04/21 01:20:26.091, 15242, 738, 2
2026/04/21 01:20:27.095, 15242, 738, 2
2026/04/21 01:20:28.096, 15242, 738, 4
2026/04/21 01:20:29.096, 15242, 738, 2
2026/04/21 01:20:30.097, 15242, 738, 2
2026/04/21 01:20:31.098, 15242, 738, 2
2026/04/21 01:20:32.099, 15242, 738, 2
2026/04/21 01:20:33.100, 15242, 738, 4
2026/04/21 01:20:34.101, 15242, 738, 2
2026/04/21 01:20:35.102, 15242, 738, 2
2026/04/21 01:20:36.103, 15242, 738, 4
2026/04/21 01:20:37.103, 15242, 738, 4
2026/04/21 01:20:38.104, 15242, 738, 3
2026/04/21 01:20:39.105, 15242, 738, 4
2026/04/21 01:20:40.105, 15242, 738, 2
2026/04/21 01:20:41.110, 15242, 738, 2
2026/04/21 01:20:42.111, 15242, 738, 3
2026/04/21 01:20:43.112, 15242, 738, 4
2026/04/21 01:20:44.112, 15242, 738, 2
2026/04/21 01:20:45.113, 15242, 738, 2
2026/04/21 01:20:46.114, 15242, 738, 2
2026/04/21 01:20:47.115, 15242, 738, 2
2026/04/21 01:20:48.118, 15242, 738, 4
2026/04/21 01:20:49.119, 15242, 738, 2
2026/04/21 01:20:50.120, 15242, 738, 2
2026/04/21 01:20:52.799, 15242, 738, 4
2026/04/21 01:20:53.800, 15242, 738, 2
2026/04/21 01:20:54.801, 15242, 738, 4
2026/04/21 01:20:55.802, 15242, 738, 4
2026/04/21 01:20:56.803, 15242, 738, 2
2026/04/21 01:20:57.804, 15242, 738, 2
2026/04/21 01:20:58.805, 15242, 738, 2
2026/04/21 01:20:59.806, 15242, 738, 2
2026/04/21 01:21:00.807, 15242, 738, 3
2026/04/21 01:21:01.808, 15242, 738, 4
2026/04/21 01:21:02.809, 15242, 738, 4
2026/04/21 01:21:03.809, 15242, 738, 4
2026/04/21 01:21:04.810, 15242, 738, 2
2026/04/21 01:21:05.811, 15242, 738, 2
2026/04/21 01:21:06.813, 15242, 738, 2
2026/04/21 01:21:07.813, 15242, 738, 2
2026/04/21 01:21:08.817, 15242, 738, 2
2026/04/21 01:21:09.818, 15242, 738, 4
2026/04/21 01:21:10.826, 15242, 738, 4
2026/04/21 01:21:11.827, 15242, 738, 4
2026/04/21 01:21:12.828, 15242, 738, 4
2026/04/21 01:21:13.829, 15242, 738, 2
2026/04/21 01:21:14.829, 15242, 738, 3
2026/04/21 01:21:15.830, 15242, 738, 4
2026/04/21 01:21:16.833, 15242, 738, 4
2026/04/21 01:21:17.834, 15242, 738, 2
2026/04/21 01:21:18.835, 15242, 738, 4
2026/04/21 01:21:19.837, 15242, 738, 4
2026/04/21 01:21:20.840, 15242, 738, 3
2026/04/21 01:21:21.841, 15242, 738, 3
2026/04/21 01:21:22.842, 15242, 738, 4
2026/04/21 01:21:23.842, 15242, 738, 2
2026/04/21 01:21:24.843, 15242, 738, 2
2026/04/21 01:21:27.351, 15242, 738, 2
2026/04/21 01:21:28.352, 15242, 738, 4
2026/04/21 01:21:29.353, 15242, 738, 4
2026/04/21 01:21:30.355, 15242, 738, 3
2026/04/21 01:21:31.355, 15242, 738, 2
2026/04/21 01:21:32.357, 15242, 738, 2
2026/04/21 01:21:33.358, 15242, 738, 2
2026/04/21 01:21:34.359, 15242, 738, 2
2026/04/21 01:21:35.359, 15242, 738, 3
2026/04/21 01:21:36.360, 15242, 738, 2
2026/04/21 01:21:37.363, 15242, 738, 2
2026/04/21 01:21:38.364, 15242, 738, 2
2026/04/21 01:21:39.364, 15242, 738, 2
2026/04/21 01:21:40.365, 15242, 738, 2
2026/04/21 01:21:41.366, 15242, 738, 3
2026/04/21 01:21:42.367, 15242, 738, 2
2026/04/21 01:21:43.368, 15242, 738, 2
2026/04/21 01:21:44.369, 15242, 738, 3
2026/04/21 01:21:45.369, 15242, 738, 2
2026/04/21 01:21:46.370, 15242, 738, 2
2026/04/21 01:21:47.371, 15242, 738, 3
2026/04/21 01:21:48.372, 15242, 738, 4
2026/04/21 01:21:49.373, 15242, 738, 4
2026/04/21 01:21:50.374, 15242, 738, 4
2026/04/21 01:21:51.375, 15242, 738, 4
2026/04/21 01:21:52.376, 15242, 738, 4
2026/04/21 01:21:53.379, 15242, 738, 3
2026/04/21 01:21:54.380, 15242, 738, 2
2026/04/21 01:21:55.382, 15242, 738, 4
2026/04/21 01:21:56.383, 15242, 738, 2
2026/04/21 01:21:57.384, 15242, 738, 2
2026/04/21 01:21:58.384, 15242, 738, 4
2026/04/21 01:22:01.012, 15242, 738, 4
2026/04/21 01:22:02.013, 15242, 738, 2
2026/04/21 01:22:03.014, 15242, 738, 2
2026/04/21 01:22:04.015, 15242, 738, 4
2026/04/21 01:22:05.017, 15242, 738, 4
2026/04/21 01:22:06.018, 15242, 738, 1
2026/04/21 01:22:07.019, 15242, 738, 4
2026/04/21 01:22:08.019, 15242, 738, 2
2026/04/21 01:22:09.020, 15242, 738, 2
2026/04/21 01:22:10.021, 15242, 738, 2
2026/04/21 01:22:11.022, 15242, 738, 2
2026/04/21 01:22:12.022, 15242, 738, 4
2026/04/21 01:22:13.023, 15242, 738, 4
2026/04/21 01:22:14.024, 15242, 738, 3
2026/04/21 01:22:15.024, 15242, 738, 3
2026/04/21 01:22:16.025, 15242, 738, 4
2026/04/21 01:22:17.026, 15242, 738, 4
2026/04/21 01:22:18.027, 15242, 738, 4
2026/04/21 01:22:19.028, 15242, 738, 4
2026/04/21 01:22:20.029, 15242, 738, 4
2026/04/21 01:22:21.030, 15242, 738, 4
2026/04/21 01:22:22.033, 15242, 738, 3
2026/04/21 01:22:23.034, 15242, 738, 2
2026/04/21 01:22:24.035, 15242, 738, 2
2026/04/21 01:22:25.035, 15242, 738, 4
2026/04/21 01:22:26.036, 15242, 738, 4
2026/04/21 01:22:27.037, 15242, 738, 2
2026/04/21 01:22:28.038, 15242, 738, 2
2026/04/21 01:22:29.039, 15242, 738, 2
2026/04/21 01:22:30.040, 15242, 738, 2
2026/04/21 01:22:31.041, 15242, 738, 4
2026/04/21 01:22:32.042, 15242, 738, 4
2026/04/21 01:22:34.679, 15242, 738, 3
2026/04/21 01:22:35.680, 15242, 738, 2
2026/04/21 01:22:36.682, 15242, 738, 2
2026/04/21 01:22:37.684, 15242, 738, 2
2026/04/21 01:22:38.685, 15242, 738, 2
2026/04/21 01:22:39.685, 15242, 738, 2
2026/04/21 01:22:40.686, 15242, 738, 2
2026/04/21 01:22:41.687, 15242, 738, 2
2026/04/21 01:22:42.688, 15242, 738, 2
2026/04/21 01:22:43.689, 15242, 738, 2
2026/04/21 01:22:44.690, 15242, 738, 2
2026/04/21 01:22:45.690, 15242, 738, 2
2026/04/21 01:22:46.691, 15242, 738, 2
2026/04/21 01:22:47.692, 15242, 738, 4
2026/04/21 01:22:48.693, 15242, 738, 2
2026/04/21 01:22:49.693, 15242, 738, 2
2026/04/21 01:22:50.694, 15242, 738, 2
2026/04/21 01:22:51.695, 15242, 738, 2
2026/04/21 01:22:52.696, 15242, 738, 2
2026/04/21 01:22:53.697, 15242, 738, 2
2026/04/21 01:22:54.698, 15242, 738, 2
2026/04/21 01:22:55.699, 15242, 738, 2
2026/04/21 01:22:56.701, 15242, 738, 2
2026/04/21 01:22:57.702, 15242, 738, 4
2026/04/21 01:22:58.703, 15242, 738, 4
2026/04/21 01:22:59.704, 15242, 738, 2
2026/04/21 01:23:00.705, 15242, 738, 2
2026/04/21 01:23:01.705, 15242, 738, 4
2026/04/21 01:23:02.706, 15242, 738, 2
2026/04/21 01:23:03.707, 15242, 738, 2
2026/04/21 01:23:04.708, 15242, 738, 2
2026/04/21 01:23:05.709, 15242, 738, 2
2026/04/21 01:23:08.343, 15242, 738, 4
2026/04/21 01:23:09.344, 15242, 738, 2
2026/04/21 01:23:10.345, 15242, 738, 2
2026/04/21 01:23:11.346, 15244, 736, 2
2026/04/21 01:23:12.347, 15244, 736, 3
2026/04/21 01:23:13.348, 15244, 736, 2
2026/04/21 01:23:14.348, 15244, 736, 2
2026/04/21 01:23:15.349, 15244, 736, 2
2026/04/21 01:23:16.350, 15244, 736, 2
2026/04/21 01:23:17.351, 15244, 736, 2
2026/04/21 01:23:18.351, 15244, 736, 2
2026/04/21 01:23:19.352, 15244, 736, 2
2026/04/21 01:23:20.353, 15244, 736, 2
2026/04/21 01:23:21.354, 15244, 736, 2
2026/04/21 01:23:22.355, 15244, 736, 3
2026/04/21 01:23:23.356, 15244, 736, 4
2026/04/21 01:23:24.357, 15244, 736, 2
2026/04/21 01:23:25.358, 15244, 736, 4
2026/04/21 01:23:26.359, 15244, 736, 4
2026/04/21 01:23:27.360, 15244, 736, 4
2026/04/21 01:23:28.361, 15244, 736, 2
2026/04/21 01:23:29.362, 15244, 736, 2
2026/04/21 01:23:30.362, 15244, 736, 2
2026/04/21 01:23:31.363, 15244, 736, 2
2026/04/21 01:23:32.364, 15244, 736, 2
2026/04/21 01:23:33.365, 15244, 736, 3
2026/04/21 01:23:34.366, 15244, 736, 2
2026/04/21 01:23:35.367, 15244, 736, 2
2026/04/21 01:23:36.368, 15244, 736, 2
2026/04/21 01:23:37.369, 15244, 736, 2
2026/04/21 01:23:38.370, 15244, 736, 2
2026/04/21 01:23:39.370, 15244, 736, 2
2026/04/21 01:23:40.371, 15244, 736, 2
2026/04/21 01:23:43.015, 15244, 736, 2
2026/04/21 01:23:44.016, 15244, 736, 2
2026/04/21 01:23:45.017, 15244, 736, 4
2026/04/21 01:23:46.017, 15244, 736, 2
2026/04/21 01:23:47.018, 15244, 736, 4
2026/04/21 01:23:48.019, 15244, 736, 4
2026/04/21 01:23:49.020, 15244, 736, 4
2026/04/21 01:23:50.021, 15244, 736, 2
2026/04/21 01:23:51.023, 15244, 736, 2
2026/04/21 01:23:52.024, 15244, 736, 2
2026/04/21 01:23:53.025, 15244, 736, 2
2026/04/21 01:23:54.026, 15244, 736, 4
2026/04/21 01:23:55.027, 15244, 736, 4
2026/04/21 01:23:56.027, 15244, 736, 4
2026/04/21 01:23:57.028, 15244, 736, 4
2026/04/21 01:23:58.029, 15244, 736, 2
2026/04/21 01:23:59.030, 15244, 736, 4
2026/04/21 01:24:00.031, 15244, 736, 4
2026/04/21 01:24:01.032, 15244, 736, 4
2026/04/21 01:24:02.033, 15244, 736, 4
2026/04/21 01:24:03.033, 15244, 736, 4
2026/04/21 01:24:04.034, 15244, 736, 4
2026/04/21 01:24:05.035, 15244, 736, 2
2026/04/21 01:24:06.036, 15244, 736, 4
2026/04/21 01:24:07.037, 15244, 736, 2
2026/04/21 01:24:08.039, 15244, 736, 2
2026/04/21 01:24:09.040, 15244, 736, 2
2026/04/21 01:24:10.040, 15244, 736, 2
2026/04/21 01:24:11.041, 15244, 736, 2
2026/04/21 01:24:12.042, 15244, 736, 0
2026/04/21 01:24:13.047, 15244, 736, 0
2026/04/21 01:24:14.048, 15244, 736, 50
2026/04/21 01:24:16.682, 15244, 736, 48
2026/04/21 01:24:17.682, 15244, 736, 52
2026/04/21 01:24:18.683, 15244, 736, 47
2026/04/21 01:24:19.684, 15244, 736, 50
2026/04/21 01:24:20.685, 15244, 736, 48
2026/04/21 01:24:21.686, 15244, 736, 50
2026/04/21 01:24:22.686, 15244, 736, 39
2026/04/21 01:24:23.687, 15244, 736, 50
2026/04/21 01:24:24.688, 15244, 736, 46
2026/04/21 01:24:25.688, 15244, 736, 49
2026/04/21 01:24:26.689, 15244, 736, 50
2026/04/21 01:24:27.689, 15244, 736, 51
2026/04/21 01:24:28.690, 15244, 736, 46
2026/04/21 01:24:29.690, 15244, 736, 53
2026/04/21 01:24:30.691, 15244, 736, 47
2026/04/21 01:24:31.691, 15244, 736, 58
2026/04/21 01:24:32.692, 15244, 736, 45
2026/04/21 01:24:33.692, 15244, 736, 48
2026/04/21 01:24:34.693, 15244, 736, 38
2026/04/21 01:24:35.694, 15244, 736, 2
2026/04/21 01:24:36.694, 15244, 736, 2
2026/04/21 01:24:37.695, 15244, 736, 2
2026/04/21 01:24:38.696, 15244, 736, 2
2026/04/21 01:24:39.697, 15244, 736, 2
2026/04/21 01:24:40.698, 15244, 736, 2
2026/04/21 01:24:41.699, 15244, 736, 4
2026/04/21 01:24:42.702, 15244, 736, 3
2026/04/21 01:24:43.703, 15244, 736, 4
2026/04/21 01:24:44.705, 15244, 736, 4
2026/04/21 01:24:45.705, 15244, 736, 2
2026/04/21 01:24:46.706, 15244, 736, 4
2026/04/21 01:24:47.707, 15244, 736, 4
2026/04/21 01:24:50.420, 15244, 736, 4
2026/04/21 01:24:51.421, 15244, 736, 4
2026/04/21 01:24:52.422, 15244, 736, 4
2026/04/21 01:24:53.423, 15244, 736, 4
2026/04/21 01:24:54.424, 15244, 736, 3
2026/04/21 01:24:55.425, 15244, 736, 4
2026/04/21 01:24:56.425, 15244, 736, 3
2026/04/21 01:24:57.426, 15244, 736, 3
2026/04/21 01:24:58.427, 15244, 736, 2
2026/04/21 01:24:59.427, 15244, 736, 2
2026/04/21 01:25:00.428, 15244, 736, 3
2026/04/21 01:25:01.429, 15244, 736, 2
2026/04/21 01:25:02.430, 15244, 736, 2
2026/04/21 01:25:03.431, 15244, 736, 0
2026/04/21 01:25:04.431, 15244, 736, 0
2026/04/21 01:25:05.432, 15244, 736, 0
2026/04/21 01:25:06.434, 15244, 736, 0
2026/04/21 01:25:07.435, 15244, 736, 0
2026/04/21 01:25:08.436, 15244, 736, 50
2026/04/21 01:25:09.436, 15244, 736, 51
2026/04/21 01:25:10.437, 15244, 736, 50
2026/04/21 01:25:11.437, 15244, 736, 57
2026/04/21 01:25:12.438, 15244, 736, 39
2026/04/21 01:25:13.439, 15244, 736, 2
2026/04/21 01:25:14.440, 15244, 736, 2
2026/04/21 01:25:15.440, 15244, 736, 4
2026/04/21 01:25:16.441, 15244, 736, 3
2026/04/21 01:25:17.442, 15244, 736, 4
2026/04/21 01:25:18.446, 15244, 736, 4
2026/04/21 01:25:19.447, 15244, 736, 4
2026/04/21 01:25:20.447, 15244, 736, 2
2026/04/21 01:25:21.448, 15244, 736, 2
2026/04/21 01:25:24.109, 15244, 736, 2
2026/04/21 01:25:25.110, 15244, 736, 48
2026/04/21 01:25:26.110, 15244, 736, 52
2026/04/21 01:25:27.111, 15244, 736, 49
2026/04/21 01:25:28.111, 15244, 736, 43
2026/04/21 01:25:29.112, 15244, 736, 49
2026/04/21 01:25:30.112, 15244, 736, 49
2026/04/21 01:25:31.113, 15244, 736, 3
2026/04/21 01:25:32.114, 15244, 736, 4
2026/04/21 01:25:33.115, 15244, 736, 4
2026/04/21 01:25:34.116, 15244, 736, 4
2026/04/21 01:25:35.117, 15244, 736, 4
2026/04/21 01:25:36.118, 15244, 736, 2
2026/04/21 01:25:37.119, 15244, 736, 3
2026/04/21 01:25:38.120, 15244, 736, 2
2026/04/21 01:25:39.121, 15244, 736, 2
2026/04/21 01:25:40.122, 15244, 736, 2
2026/04/21 01:25:41.123, 15244, 736, 2
2026/04/21 01:25:42.123, 15279, 701, 2
2026/04/21 01:25:43.124, 15279, 701, 0
2026/04/21 01:25:44.124, 15279, 701, 45
2026/04/21 01:25:45.125, 15257, 723, 3
2026/04/21 01:25:46.126, 15257, 723, 2
2026/04/21 01:25:47.127, 15257, 723, 2
2026/04/21 01:25:48.128, 15257, 723, 2
2026/04/21 01:25:49.129, 15257, 723, 2
2026/04/21 01:25:50.130, 15257, 723, 2
2026/04/21 01:25:51.134, 15257, 723, 2
2026/04/21 01:25:52.135, 15257, 723, 2
2026/04/21 01:25:53.135, 15257, 723, 4
2026/04/21 01:25:54.136, 15257, 723, 4
2026/04/21 01:25:55.137, 15257, 723, 4
2026/04/21 01:25:57.766, 15257, 723, 4
2026/04/21 01:25:58.766, 15257, 723, 4
2026/04/21 01:25:59.767, 15272, 708, 1
2026/04/21 01:26:00.767, 15277, 703, 2
2026/04/21 01:26:01.768, 15280, 700, 48
2026/04/21 01:26:02.769, 15280, 700, 2
2026/04/21 01:26:03.771, 15280, 700, 2
2026/04/21 01:26:04.772, 15280, 700, 5
2026/04/21 01:26:05.773, 15280, 700, 5
2026/04/21 01:26:06.774, 15280, 700, 4
2026/04/21 01:26:07.775, 15280, 700, 3
2026/04/21 01:26:08.775, 15280, 700, 3
2026/04/21 01:26:09.777, 15280, 700, 4
2026/04/21 01:26:10.777, 15280, 700, 4
2026/04/21 01:26:11.778, 15280, 700, 2
2026/04/21 01:26:12.779, 15280, 700, 2
2026/04/21 01:26:13.779, 15280, 700, 4
2026/04/21 01:26:14.781, 15280, 700, 4
2026/04/21 01:26:15.782, 15280, 700, 2
2026/04/21 01:26:16.783, 15280, 700, 2
2026/04/21 01:26:17.784, 15280, 700, 2
2026/04/21 01:26:18.785, 15280, 700, 2
2026/04/21 01:26:19.786, 15280, 700, 2
2026/04/21 01:26:20.787, 15280, 700, 2
2026/04/21 01:26:21.793, 15280, 700, 2
2026/04/21 01:26:22.794, 15280, 700, 2
2026/04/21 01:26:23.795, 15280, 700, 2
2026/04/21 01:26:24.796, 15280, 700, 2
2026/04/21 01:26:25.797, 15280, 700, 2
2026/04/21 01:26:26.798, 15280, 700, 2
2026/04/21 01:26:27.798, 15280, 700, 4
2026/04/21 01:26:28.799, 15280, 700, 4
2026/04/21 01:26:29.800, 15280, 700, 2
2026/04/21 01:26:32.439, 15280, 700, 4
2026/04/21 01:26:33.440, 15280, 700, 4
2026/04/21 01:26:34.441, 15280, 700, 4
2026/04/21 01:26:35.442, 15280, 700, 4
2026/04/21 01:26:36.443, 15280, 700, 2
2026/04/21 01:26:37.444, 15280, 700, 2
2026/04/21 01:26:38.445, 15280, 700, 2
2026/04/21 01:26:39.447, 15280, 700, 2
2026/04/21 01:26:40.447, 15280, 700, 2
2026/04/21 01:26:41.448, 15280, 700, 2
2026/04/21 01:26:42.449, 15280, 700, 2
2026/04/21 01:26:43.450, 15280, 700, 2
2026/04/21 01:26:44.451, 15280, 700, 4
2026/04/21 01:26:45.452, 15280, 700, 4
2026/04/21 01:26:46.453, 15280, 700, 2
2026/04/21 01:26:47.454, 15280, 700, 4
2026/04/21 01:26:48.457, 15280, 700, 2
2026/04/21 01:26:49.457, 15280, 700, 2
2026/04/21 01:26:50.458, 15280, 700, 2
2026/04/21 01:26:51.460, 15280, 700, 2
2026/04/21 01:26:52.461, 15280, 700, 4
2026/04/21 01:26:53.462, 15280, 700, 4
2026/04/21 01:26:54.463, 15280, 700, 4
2026/04/21 01:26:55.464, 15280, 700, 2
2026/04/21 01:26:56.465, 15280, 700, 2
2026/04/21 01:26:57.466, 15280, 700, 2
2026/04/21 01:26:58.467, 15280, 700, 4
2026/04/21 01:26:59.468, 15280, 700, 2
2026/04/21 01:27:00.469, 15280, 700, 2
2026/04/21 01:27:01.470, 15280, 700, 2
2026/04/21 01:27:02.471, 15280, 700, 4
2026/04/21 01:27:03.472, 15280, 700, 2
2026/04/21 01:27:06.032, 15280, 700, 2
2026/04/21 01:27:07.033, 15280, 700, 2
2026/04/21 01:27:08.034, 15280, 700, 4
2026/04/21 01:27:09.037, 15280, 700, 4
2026/04/21 01:27:10.038, 15280, 700, 4
2026/04/21 01:27:11.039, 15280, 700, 4
2026/04/21 01:27:12.040, 15280, 700, 2
2026/04/21 01:27:13.040, 15280, 700, 2
2026/04/21 01:27:14.041, 15280, 700, 2
2026/04/21 01:27:15.042, 15280, 700, 2
2026/04/21 01:27:16.043, 15280, 700, 4
2026/04/21 01:27:17.044, 15280, 700, 3
2026/04/21 01:27:18.045, 15280, 700, 2
2026/04/21 01:27:19.046, 15280, 700, 4
2026/04/21 01:27:20.046, 15280, 700, 4
2026/04/21 01:27:21.047, 15280, 700, 4
2026/04/21 01:27:22.048, 15280, 700, 4
2026/04/21 01:27:23.049, 15280, 700, 2
2026/04/21 01:27:24.050, 15280, 700, 2
2026/04/21 01:27:25.055, 15280, 700, 4
2026/04/21 01:27:26.059, 15280, 700, 4
2026/04/21 01:27:27.060, 15280, 700, 2
2026/04/21 01:27:28.061, 15280, 700, 2
2026/04/21 01:27:29.062, 15280, 700, 2
2026/04/21 01:27:30.063, 15280, 700, 2
2026/04/21 01:27:31.064, 15280, 700, 2
2026/04/21 01:27:32.065, 15280, 700, 4
2026/04/21 01:27:33.066, 15280, 700, 2
2026/04/21 01:27:34.068, 15280, 700, 2
2026/04/21 01:27:35.070, 15280, 700, 2
2026/04/21 01:27:36.071, 15280, 700, 2
2026/04/21 01:27:37.073, 15280, 700, 2
2026/04/21 01:27:39.645, 15280, 700, 2
2026/04/21 01:27:40.646, 15280, 700, 4
2026/04/21 01:27:41.647, 15280, 700, 4
2026/04/21 01:27:42.648, 15280, 700, 4
2026/04/21 01:27:43.649, 15280, 700, 2
2026/04/21 01:27:44.650, 15280, 700, 2
2026/04/21 01:27:45.650, 15280, 700, 4
2026/04/21 01:27:46.652, 15280, 700, 2
2026/04/21 01:27:47.653, 15280, 700, 4
2026/04/21 01:27:48.660, 15280, 700, 2
2026/04/21 01:27:49.662, 15280, 700, 2
2026/04/21 01:27:50.663, 15280, 700, 4
2026/04/21 01:27:51.664, 15280, 700, 3
2026/04/21 01:27:52.665, 15280, 700, 2
2026/04/21 01:27:53.667, 15280, 700, 2
2026/04/21 01:27:54.670, 15280, 700, 2
2026/04/21 01:27:55.671, 15280, 700, 2
2026/04/21 01:27:56.672, 15280, 700, 2
2026/04/21 01:27:57.673, 15280, 700, 4
2026/04/21 01:27:58.674, 15280, 700, 2
2026/04/21 01:27:59.675, 15280, 700, 4
2026/04/21 01:28:00.675, 15280, 700, 5
2026/04/21 01:28:01.676, 15280, 700, 2
2026/04/21 01:28:02.677, 15280, 700, 2
2026/04/21 01:28:03.678, 15280, 700, 2
2026/04/21 01:28:04.679, 15280, 700, 2
2026/04/21 01:28:05.680, 15280, 700, 2
2026/04/21 01:28:06.682, 15280, 700, 4
2026/04/21 01:28:07.684, 15280, 700, 3
2026/04/21 01:28:08.685, 15280, 700, 4
2026/04/21 01:28:09.686, 15280, 700, 4
2026/04/21 01:28:10.687, 15280, 700, 4
2026/04/21 01:28:13.359, 15280, 700, 2
2026/04/21 01:28:14.376, 15280, 700, 2
2026/04/21 01:28:15.392, 15280, 700, 4
2026/04/21 01:28:16.393, 15280, 700, 4
2026/04/21 01:28:17.394, 15280, 700, 2
2026/04/21 01:28:18.395, 15280, 700, 4
2026/04/21 01:28:19.397, 15280, 700, 4
2026/04/21 01:28:20.398, 15280, 700, 2
2026/04/21 01:28:21.399, 15280, 700, 2
2026/04/21 01:28:22.400, 15280, 700, 2
2026/04/21 01:28:23.402, 15280, 700, 2
2026/04/21 01:28:24.403, 15280, 700, 2
2026/04/21 01:28:25.404, 15280, 700, 2
2026/04/21 01:28:26.405, 15280, 700, 2
2026/04/21 01:28:27.406, 15280, 700, 4
2026/04/21 01:28:28.407, 15280, 700, 4
2026/04/21 01:28:29.408, 15280, 700, 4
2026/04/21 01:28:30.409, 15280, 700, 2
2026/04/21 01:28:31.411, 15280, 700, 2
2026/04/21 01:28:32.414, 15280, 700, 2
2026/04/21 01:28:33.415, 15280, 700, 2
2026/04/21 01:28:34.416, 15280, 700, 4
2026/04/21 01:28:35.417, 15280, 700, 3
2026/04/21 01:28:36.418, 15280, 700, 4
2026/04/21 01:28:37.419, 15280, 700, 4
2026/04/21 01:28:38.420, 15280, 700, 2
2026/04/21 01:28:39.421, 15280, 700, 3
2026/04/21 01:28:40.422, 15280, 700, 2
2026/04/21 01:28:41.423, 15280, 700, 2
2026/04/21 01:28:42.424, 15280, 700, 2
2026/04/21 01:28:43.425, 15280, 700, 2
2026/04/21 01:28:44.426, 15280, 700, 2
2026/04/21 01:28:47.121, 15280, 700, 2
2026/04/21 01:28:48.132, 15280, 700, 2
2026/04/21 01:28:49.141, 15280, 700, 2
